area,year,total_generation,renewable_generation,fossil_generation,renewable_share,fossil_share,renewable_yoy_growth
Austria,2000,152.6,116.28,36.31999999999999,0.7619921363040629,0.23800786369593704,
Austria,2001,152.8,111.51,41.290000000000006,0.7297774869109948,0.27022251308900525,-0.041021671826625306
Austria,2002,153.19,111.00999999999999,42.18000000000001,0.724655656374437,0.2753443436255631,-0.004483902788987693
Austria,2003,149.45,96.04,53.41,0.6426229508196722,0.35737704918032787,-0.13485271597153392
Austria,2004,153.01999999999998,103.67,49.349999999999994,0.6774931381518756,0.32250686184812444,0.07944606413994171
Austria,2005,155.98,104.4,51.58,0.6693165790485961,0.330683420951404,0.00704157422590912
Austria,2006,153.05,106.00999999999999,47.04,0.6926494609604703,0.3073505390395295,0.015421455938697148
Austria,2007,154.64,111.88,42.760000000000005,0.723486808070357,0.2765131919296431,0.05537213470427327
Austria,2008,156.37,113.7,42.67,0.7271215706337533,0.27287842936624673,0.016267429388630683
Austria,2009,158.85999999999999,118.44,40.42,0.7455621301775148,0.25443786982248523,0.04168865435356195
Austria,2010,159.01,111.33,47.68,0.7001446449908811,0.2998553550091189,-0.0600303951367781
Austria,2011,153.28,106.67999999999999,46.599999999999994,0.6959812108559499,0.30401878914405006,-0.04176771759633524
Austria,2012,160.73,126.1,34.63,0.7845455111055808,0.21545448889441923,0.18203974503187115
Austria,2013,156.42,128.74,27.680000000000003,0.8230405319012916,0.17695946809870863,0.02093576526566232
Austria,2014,153.44,131.76,21.68,0.8587069864442127,0.14129301355578727,0.023458132670498566
Austria,2015,152.41,124.62,27.790000000000003,0.8176628830129257,0.18233711698707436,-0.05418943533697618
Austria,2016,156.59,129.83,26.759999999999998,0.8291078612938247,0.17089213870617534,0.041807093564435904
Austria,2017,158.68,127.13,31.55,0.8011721704058482,0.19882782959415174,-0.020796426095663678
Austria,2018,157.33,127.46000000000001,29.869999999999997,0.8101442827178542,0.1898557172821458,0.0025957681113821796
Austria,2019,162.88,131.93,30.950000000000003,0.8099828094302555,0.19001719056974462,0.03506982582771068
Austria,2020,161.44,135.71,25.73,0.8406219028741329,0.1593780971258672,0.02865155764420524
Austria,2021,158.42000000000002,131.87,26.549999999999997,0.832407524302487,0.1675924756975129,-0.028295630388328052
Austria,2022,156.28,128.60000000000002,27.68,0.8228820066547224,0.1771179933452777,-0.024797148707059846
Austria,2023,162.99,144.92000000000002,18.07,0.8891343027179582,0.11086569728204183,0.12690513219284605
Austria,2024,171.03,153.88,17.15,0.8997251944103374,0.10027480558966262,0.061827215015180625
Austria,2025,165.48,144.79999999999998,20.68,0.875030215131738,0.12496978486826203,-0.05900701845593981
Belgium,2000,172.46,2.32,63.81,0.013452394758204799,0.3699988403107967,
Belgium,2001,166.18,2.4499999999999997,58.43,0.014743049705139004,0.35160669153929475,0.05603448275862055
Belgium,2002,170.78,2.54,62.370000000000005,0.014872935940976694,0.36520669867666006,0.03673469387755124
Belgium,2003,175.35999999999999,2.64,68.65,0.015054744525547448,0.3914803832116789,0.03937007874015741
Belgium,2004,172.07999999999998,3.31,64.4,0.019235239423523943,0.3742445374244538,0.2537878787878787
Belgium,2005,173.51,4.6,64.9,0.02651144026280906,0.37404184196876267,0.38972809667673713
Belgium,2006,172.59,6.51,63.449999999999996,0.03771945072136276,0.36763427776812097,0.415217391304348
Belgium,2007,178.29,7.51,66.99,0.042122384878568626,0.375736160188457,0.1536098310291858
Belgium,2008,175.54000000000002,9.74,65.37,0.055485929132961145,0.3723937564087957,0.29693741677762997
Belgium,2009,184.12,11.500000000000002,72.79,0.062459265696285036,0.3953399956550076,0.18069815195071892
Belgium,2010,185.79999999999998,13.629999999999999,72.69999999999999,0.07335844994617868,0.391280947255113,0.18521739130434756
Belgium,2011,181.29,17.73,61.31,0.09779910640410393,0.33818743449721445,0.30080704328686725
Belgium,2012,173.17000000000002,23.41,60.040000000000006,0.13518507824680948,0.3467113241323555,0.320360970107163
Belgium,2013,173.55,26.02,52.86,0.14992797464707575,0.30458081244598095,0.11149081589064491
Belgium,2014,161.92000000000002,29.36,51.53,0.18132411067193674,0.3182435770750988,0.12836279784780946
Belgium,2015,159.07000000000002,35.54,59.290000000000006,0.223423649965424,0.37272898723832276,0.21049046321525888
Belgium,2016,175.4,31.16,49.1,0.1776510832383124,0.2799315849486887,-0.12324141812042766
Belgium,2017,176.01999999999998,34.32,49.989999999999995,0.19497784342688332,0.2840018179752301,0.10141206675224645
Belgium,2018,164.18,40.39,56.47,0.24601047630649286,0.3439517602631258,0.1768648018648018
Belgium,2019,184.0,40.44,53.09,0.21978260869565217,0.28853260869565217,0.0012379301807377008
Belgium,2020,180.56,50.019999999999996,57.11,0.27702702702702703,0.3162937527691626,0.23689416419386733
Belgium,2021,191.77,45.629999999999995,45.18,0.23794128382958749,0.23559472284507482,-0.08776489404238308
Belgium,2022,185.95,50.33,45.22,0.2706641570314601,0.2431836515192256,0.1030024106947185
Belgium,2023,174.49,60.89,40.58,0.3489598257779815,0.23256347068599917,0.20981521955096372
Belgium,2024,167.18,62.010000000000005,32.81,0.3709175738724728,0.19625553295848785,0.01839382493020203
Belgium,2025,161.73999999999998,67.31,37.239999999999995,0.4161617410659083,0.23024607394583899,0.08547008547008539
Bosnia Herzegovina,2000,109.9,53.89,56.01,0.4903548680618744,0.5096451319381256,
Bosnia Herzegovina,2001,109.69,53.91,55.78,0.49147597775549273,0.5085240222445073,0.0003711263685284294
Bosnia Herzegovina,2002,109.35,54.11,55.24,0.4948331047096479,0.5051668952903521,0.0037098868484510827
Bosnia Herzegovina,2003,109.88999999999999,44.43,65.46,0.40431340431340435,0.5956865956865957,-0.17889484383662912
Bosnia Herzegovina,2004,111.57999999999998,52.959999999999994,58.62,0.4746370317261158,0.5253629682738843,0.19198739590366865
Bosnia Herzegovina,2005,111.35,53.62,57.730000000000004,0.4815446789402784,0.5184553210597217,0.01246223564954696
Bosnia Herzegovina,2006,111.92,49.78,62.14,0.4447819871336669,0.5552180128663331,-0.07161506900410286
Bosnia Herzegovina,2007,110.25999999999999,37.86,72.39999999999999,0.34337021585343735,0.6566297841465627,-0.23945359582161518
Bosnia Herzegovina,2008,114.66999999999999,38.07,76.6,0.33199616290224127,0.6680038370977588,0.005546751188589605
Bosnia Herzegovina,2009,115.26000000000002,46.550000000000004,68.71000000000001,0.4038695124067326,0.5961304875932674,0.2227475702653008
Bosnia Herzegovina,2010,116.59,55.46,61.13,0.4756840209280384,0.5243159790719616,0.19140708915144988
Bosnia Herzegovina,2011,114.75999999999999,33.519999999999996,81.24,0.2920878354827466,0.7079121645172534,-0.39560043274432033
Bosnia Herzegovina,2012,113.56,34.2,79.36,0.30116238112011273,0.6988376188798873,0.020286396181384392
Bosnia Herzegovina,2013,116.98,49.21,67.77,0.42067020003419386,0.579329799965806,0.4388888888888889
Bosnia Herzegovina,2014,116.69000000000001,40.82,75.87,0.34981575113548713,0.6501842488645128,-0.17049380207274945
Bosnia Herzegovina,2015,116.07,39.33,76.74,0.3388472473507366,0.6611527526492633,-0.03650171484566389
Bosnia Herzegovina,2016,117.3,37.28,80.02,0.31781756180733167,0.6821824381926683,-0.052123061276379334
Bosnia Herzegovina,2017,115.80999999999999,27.34,88.47,0.2360763319229773,0.7639236680770228,-0.2666309012875536
Bosnia Herzegovina,2018,118.75,40.89000000000001,77.86,0.3443368421052632,0.6556631578947368,0.495610826627652
Bosnia Herzegovina,2019,117.08999999999999,43.080000000000005,74.00999999999999,0.3679221111965156,0.6320778888034845,0.05355832721936893
Bosnia Herzegovina,2020,116.51999999999998,34.09,82.42999999999999,0.2925677995193959,0.7074322004806043,-0.20868152274837515
Bosnia Herzegovina,2021,118.22000000000001,46.18,72.04,0.39062764337675515,0.6093723566232447,0.35464945731886166
Bosnia Herzegovina,2022,115.98999999999998,37.29,78.69999999999999,0.32149323217518755,0.6785067678248125,-0.19250757903854487
Bosnia Herzegovina,2023,116.71,50.480000000000004,66.22999999999999,0.43252506211978414,0.5674749378802159,0.35371413247519445
Bosnia Herzegovina,2024,114.36999999999999,46.6,67.77,0.40744950598933294,0.5925504940106672,-0.07686212361331224
Bosnia Herzegovina,2025,113.25,49.85,63.4,0.44017660044150114,0.5598233995584989,0.06974248927038618
Bulgaria,2000,137.37,9.11,65.29,0.06631724539564679,0.4752857246851569,
Bulgaria,2001,140.7,5.449999999999999,70.7,0.03873489694385217,0.5024875621890548,-0.4017563117453349
Bulgaria,2002,138.64,7.16,63.21,0.05164454702827467,0.455929024812464,0.31376146788990855
Bulgaria,2003,138.88,10.06,70.67,0.07243663594470047,0.5088565668202766,0.4050279329608939
Bulgaria,2004,137.91,10.73,69.69,0.07780436516568777,0.5053295627583206,0.06660039761431413
Bulgaria,2005,141.43,14.100000000000001,66.19,0.09969596266704377,0.4680053736830941,0.3140726933830382
Bulgaria,2006,143.92,13.53,68.00999999999999,0.09401056142301278,0.47255419677598665,-0.04042553191489373
Bulgaria,2007,140.85,9.610000000000001,82.41,0.06822861199858006,0.5850905218317359,-0.2897265336289725
Bulgaria,2008,143.67,9.51,82.94,0.06619335978283566,0.5772951903668129,-0.010405827263267553
Bulgaria,2009,141.26999999999998,12.379999999999999,77.56,0.08763360940043888,0.5490196078431373,0.3017875920084121
Bulgaria,2010,144.85,18.3,78.10000000000001,0.12633759061097688,0.539178460476355,0.4781906300484655
Bulgaria,2011,149.5,11.669999999999998,88.86999999999999,0.07806020066889631,0.594448160535117,-0.3622950819672133
Bulgaria,2012,145.82999999999998,16.55,79.53999999999999,0.11348830830418982,0.545429609819653,0.4181662382176523
Bulgaria,2013,142.32000000000002,22.97,72.24000000000001,0.16139685216413713,0.5075885328836425,0.3879154078549847
Bulgaria,2014,146.26,23.14,73.43,0.15821140434842063,0.5020511418022701,0.0074009577710056895
Bulgaria,2015,148.12,26.71,74.46000000000001,0.18032676208479612,0.5027005130974885,0.15427830596369918
Bulgaria,2016,143.59,22.85,69.52000000000001,0.15913364440420644,0.48415627829236024,-0.14451516286035193
Bulgaria,2017,143.83,19.799999999999997,73.8,0.13766251825071263,0.5131057498435653,-0.13347921225382953
Bulgaria,2018,145.5,29.549999999999997,65.14,0.2030927835051546,0.4476975945017182,0.49242424242424243
Bulgaria,2019,142.67000000000002,24.62,63.61000000000001,0.1725660615406182,0.44585406883016754,-0.16683587140439926
Bulgaria,2020,139.32,26.09,55.169999999999995,0.1872667240884295,0.39599483204134367,0.05970755483346868
Bulgaria,2021,146.34,32.14,62.79,0.21962552958862921,0.4290692906929069,0.23188961287849752
Bulgaria,2022,149.25,28.79,71.25999999999999,0.19289782244556114,0.47745393634840866,-0.10423148724331055
Bulgaria,2023,139.38,35.12,47.78,0.25197302338929545,0.34280384560195154,0.21986800972559917
Bulgaria,2024,137.35,41.370000000000005,39.0,0.3012013105205679,0.28394612304332,0.17796127562642394
Bulgaria,2025,137.0,45.239999999999995,37.79,0.33021897810218975,0.2758394160583941,0.09354604786076837
Croatia,2000,94.95,63.99,30.96,0.6739336492890995,0.32606635071090045,
Croatia,2001,94.17,63.49,30.68,0.6742062227885739,0.32579377721142616,-0.007813720893889653
Croatia,2002,93.16,51.95,41.21,0.5576427651352512,0.44235723486474887,-0.1817609072294849
Croatia,2003,85.3,46.95,38.349999999999994,0.5504103165298946,0.4495896834701055,-0.09624639076034647
Croatia,2004,100.41,62.64,37.769999999999996,0.6238422467881686,0.3761577532118315,0.3341853035143769
Croatia,2005,97.12,61.17000000000001,35.95,0.6298393739703461,0.37016062602965405,-0.02346743295019149
Croatia,2006,95.86,58.160000000000004,37.7,0.6067181306071354,0.39328186939286464,-0.04920712767696589
Croatia,2007,91.81,42.540000000000006,49.269999999999996,0.463348219148241,0.536651780851759,-0.2685694635488307
Croatia,2008,95.22,51.54,43.68,0.5412728418399496,0.4587271581600504,0.21156558533145264
Croatia,2009,96.28,63.510000000000005,32.77,0.6596385542168676,0.34036144578313254,0.232246798603027
Croatia,2010,110.44,72.18,38.26,0.6535675479898588,0.3464324520101412,0.13651393481341523
Croatia,2011,103.8,52.3,51.5,0.5038535645472062,0.49614643545279385,-0.27542255472430044
Croatia,2012,104.71,55.019999999999996,49.69,0.5254512462993028,0.47454875370069716,0.0520076481835563
Croatia,2013,112.14,75.85000000000001,36.290000000000006,0.676386659532727,0.3236133404672731,0.3785896037804437
Croatia,2014,112.43,83.96000000000001,28.47,0.7467757715912123,0.25322422840878767,0.10692155570204354
Croatia,2015,109.16000000000001,74.42,34.739999999999995,0.6817515573470135,0.31824844265298635,-0.1136255359695093
Croatia,2016,112.16,74.72,37.44,0.6661911554921541,0.3338088445078459,0.004031174415479732
Croatia,2017,109.96000000000001,67.61,42.35,0.6148599490723899,0.38514005092761,-0.09515524625267668
Croatia,2018,113.18,82.12,31.060000000000002,0.7255698886729104,0.2744301113270896,0.21461322289602136
Croatia,2019,112.38,74.36,38.019999999999996,0.6616835735896067,0.3383164264103933,-0.09449585971748664
Croatia,2020,113.06,73.18,39.88,0.6472669379090749,0.3527330620909252,-0.015868746637977327
Croatia,2021,114.96000000000001,80.22,34.74,0.6978079331941545,0.3021920668058455,0.09620114785460498
Croatia,2022,113.44,72.42,41.019999999999996,0.6383991537376587,0.3616008462623413,-0.09723261032161556
Croatia,2023,117.3,82.35,34.95,0.7020460358056265,0.2979539641943734,0.13711681855840907
Croatia,2024,115.22,84.68,30.540000000000003,0.7349418503731991,0.2650581496268009,0.028293867638130132
Croatia,2025,114.71,87.47,27.24,0.7625316014296923,0.23746839857030774,0.03294756731223414
Cyprus,2000,0.0,0.0,0.0,,,
Cyprus,2001,0.0,0.0,0.0,,,
Cyprus,2002,0.0,0.0,0.0,,,
Cyprus,2003,0.0,0.0,0.0,,,
Cyprus,2004,0.0,0.0,0.0,,,
Cyprus,2005,0.0,0.0,0.0,,,
Cyprus,2006,0.0,0.0,0.0,,,
Cyprus,2007,0.0,0.0,0.0,,,
Cyprus,2008,0.21000000000000002,0.21000000000000002,0.0,1.0,0.0,inf
Cyprus,2009,0.61,0.61,0.0,1.0,0.0,1.9047619047619042
Cyprus,2010,1.58,1.58,0.0,1.0,0.0,1.5901639344262297
Cyprus,2011,3.63,3.63,0.0,1.0,0.0,1.2974683544303796
Cyprus,2012,5.7700000000000005,5.7700000000000005,0.0,1.0,0.0,0.5895316804407715
Cyprus,2013,8.030000000000001,8.030000000000001,0.0,1.0,0.0,0.39168110918544197
Cyprus,2014,7.45,7.45,0.0,1.0,0.0,-0.07222914072229147
Cyprus,2015,9.21,9.21,0.0,1.0,0.0,0.23624161073825523
Cyprus,2016,9.22,9.22,0.0,1.0,0.0,0.0010857763300760048
Cyprus,2017,9.030000000000001,9.030000000000001,0.0,1.0,0.0,-0.02060737527114964
Cyprus,2018,9.969999999999999,9.969999999999999,0.0,1.0,0.0,0.10409745293466188
Cyprus,2019,10.620000000000001,10.620000000000001,0.0,1.0,0.0,0.06519558676028114
Cyprus,2020,12.98,12.98,0.0,1.0,0.0,0.2222222222222221
Cyprus,2021,16.01,16.01,0.0,1.0,0.0,0.23343605546995394
Cyprus,2022,17.61,17.61,0.0,1.0,0.0,0.09993753903810099
Cyprus,2023,21.54,21.54,0.0,1.0,0.0,0.22316865417376497
Cyprus,2024,25.400000000000002,25.400000000000002,0.0,1.0,0.0,0.17920148560817095
Cyprus,2025,29.39,29.39,0.0,1.0,0.0,0.15708661417322833
Czechia,2000,166.75,5.4,129.12,0.032383808095952024,0.7743328335832084,
Czechia,2001,167.81,6.029999999999999,127.16,0.03593349621595852,0.7577617543650557,0.11666666666666647
Czechia,2002,169.64,6.93,119.31,0.040851214336241455,0.7033128979014384,0.14925373134328357
Czechia,2003,176.83,4.13,115.58,0.02335576542441893,0.6536221229429395,-0.404040404040404
Czechia,2004,177.49,6.01,113.72999999999999,0.03386106259507578,0.6407684939996618,0.4552058111380146
Czechia,2005,175.07000000000002,6.9399999999999995,113.22000000000001,0.03964128634260581,0.646712743474039,0.1547420965058235
Czechia,2006,177.37,7.7299999999999995,112.45,0.0435812144105542,0.6339854541354232,0.11383285302593671
Czechia,2007,181.32,7.32,118.01,0.04037061548643283,0.6508382969335981,-0.053040103492884794
Czechia,2008,176.19,8.19,109.57000000000001,0.04648390941597139,0.6218854645553097,0.1188524590163933
Czechia,2009,175.31,10.38,104.39000000000001,0.05920940049055958,0.5954594717928242,0.26739926739926756
Czechia,2010,178.63,12.84,104.93,0.07188042322118346,0.5874153277724907,0.23699421965317913
Czechia,2011,180.12,15.6,103.60000000000001,0.0866089273817455,0.5751721074838997,0.2149532710280373
Czechia,2012,180.72,17.39,97.99,0.09622620628596724,0.542220008853475,0.11474358974358978
Czechia,2013,180.05999999999997,20.13,93.38999999999999,0.1117960679773409,0.5186604465178274,0.15756181713628514
Czechia,2014,178.59,19.950000000000003,92.61999999999999,0.11170838232823788,0.5186180637213729,-0.008941877794336639
Czechia,2015,176.24999999999997,20.82,96.04999999999998,0.11812765957446811,0.5449645390070922,0.043609022556390764
Czechia,2016,175.76000000000002,20.84,101.43,0.11857077833409194,0.5770937642239418,0.0009606147934677622
Czechia,2017,180.03,20.87,97.77,0.1159251235905127,0.5430761539743376,0.0014395393474089246
Czechia,2018,181.41,20.29,96.75,0.11184609448211234,0.5333223085827683,-0.027791087685673288
Czechia,2019,180.81,21.8,93.47,0.12056855262430176,0.5169514960455727,0.07442089699359289
Czechia,2020,175.93,23.240000000000002,85.15,0.13209799352015006,0.48399931791053263,0.06605504587155964
Czechia,2021,181.91,23.36,91.08999999999999,0.12841515034907372,0.5007421252267604,0.005163511187607384
Czechia,2022,182.13,23.63,90.43,0.12974249162685994,0.49651347938285845,0.011558219178082085
Czechia,2023,174.32999999999998,25.83,77.97,0.1481672689726381,0.4472552056444674,0.0931019889970377
Czechia,2024,171.62,29.19,71.94,0.17008507166996853,0.4191819135298916,0.13008130081300817
Czechia,2025,175.1,29.549999999999997,71.31,0.16876070816676184,0.40725299828669337,0.012332990750256734
Denmark,2000,117.51,21.11,96.4,0.1796442855927155,0.8203557144072845,
Denmark,2001,120.67999999999999,21.43,99.25,0.17757706330792178,0.8224229366920782,0.015158692562766474
Denmark,2002,123.24000000000001,24.16,99.08000000000001,0.19604024667315806,0.803959753326842,0.1273915072328511
Denmark,2003,136.98,25.619999999999997,111.36000000000001,0.18703460359176521,0.812965396408235,0.06043046357615878
Denmark,2004,132.92,33.21,99.71,0.24984953355401748,0.7501504664459826,0.2962529274004686
Denmark,2005,128.39,36.97,91.42,0.2879507749824753,0.7120492250175248,0.11321890996687745
Denmark,2006,138.14,29.41,108.73,0.21289995656580282,0.7871000434341973,-0.2044901271301055
Denmark,2007,132.36,36.620000000000005,95.74000000000001,0.2766696887277123,0.7233303112722876,0.245154709282557
Denmark,2008,129.6,37.79,91.81,0.2915895061728395,0.7084104938271606,0.031949754232659666
Denmark,2009,129.42,37.86,91.56,0.2925359295317571,0.707464070468243,0.0018523418893887644
Denmark,2010,133.73999999999998,44.50999999999999,89.22999999999999,0.3328099297143711,0.6671900702856288,0.17564712097200186
Denmark,2011,130.81,54.53999999999999,76.27,0.41694060087149293,0.5830593991285069,0.22534261963603686
Denmark,2012,126.32000000000001,63.400000000000006,62.92,0.5018999366687777,0.49810006333122225,0.1624495782911628
Denmark,2013,130.95,62.06999999999999,68.88,0.4739977090492554,0.5260022909507446,-0.020977917981072736
Denmark,2014,128.36,74.13,54.230000000000004,0.5775163602368338,0.4224836397631661,0.19429676172063814
Denmark,2015,124.65,84.7,39.95,0.6795026073004412,0.3204973926995588,0.14258734655335226
Denmark,2016,126.61999999999999,78.88,47.739999999999995,0.6229663560259043,0.3770336439740957,-0.06871310507674155
Denmark,2017,127.22,92.35,34.870000000000005,0.7259078761201069,0.2740921238798931,0.17076572008113589
Denmark,2018,126.66999999999999,89.42999999999999,37.24,0.7060077366385096,0.29399226336149054,-0.03161884136437465
Denmark,2019,125.45,101.62,23.83,0.8100438421681945,0.18995615783180547,0.136307726713631
Denmark,2020,124.58,105.5,19.080000000000002,0.846845400545834,0.153154599454166,0.03818146034245218
Denmark,2021,129.24,105.38,23.86,0.8153822346022902,0.18461776539770966,-0.0011374407582939172
Denmark,2022,130.25,109.3,20.950000000000003,0.8391554702495201,0.16084452975047986,0.0371987094325299
Denmark,2023,129.62,115.66999999999999,13.95,0.8923777194877333,0.10762228051226662,0.05827996340347652
Denmark,2024,130.71,120.46000000000001,10.25,0.9215821283757938,0.07841787162420626,0.04141091034840505
Denmark,2025,128.32999999999998,121.53,6.800000000000001,0.9470116106911869,0.05298838930881323,0.008882616636227691
Estonia,2000,7.779999999999999,0.13,7.6499999999999995,0.016709511568123395,0.9832904884318766,
Estonia,2001,7.93,0.26,7.67,0.03278688524590164,0.9672131147540984,1.0
Estonia,2002,7.12,0.38,6.74,0.05337078651685393,0.9466292134831461,0.46153846153846145
Estonia,2003,5.97,0.5499999999999999,5.42,0.09212730318257956,0.9078726968174204,0.4473684210526314
Estonia,2004,5.880000000000001,0.6399999999999999,5.24,0.10884353741496595,0.8911564625850339,0.16363636363636358
Estonia,2005,7.02,1.19,5.83,0.16951566951566951,0.8304843304843306,0.8593750000000002
Estonia,2006,7.55,1.46,6.09,0.19337748344370861,0.8066225165562914,0.2268907563025211
Estonia,2007,4.42,1.29,3.13,0.2918552036199095,0.7081447963800905,-0.11643835616438347
Estonia,2008,6.48,2.09,4.390000000000001,0.3225308641975308,0.6774691358024691,0.6201550387596897
Estonia,2009,8.05,6.6899999999999995,1.36,0.8310559006211179,0.168944099378882,2.200956937799043
Estonia,2010,11.760000000000002,9.15,2.61,0.7780612244897959,0.22193877551020405,0.3677130044843051
Estonia,2011,12.52,10.33,2.19,0.8250798722044729,0.17492012779552715,0.12896174863387966
Estonia,2012,14.98,13.76,1.2200000000000002,0.918558077436582,0.0814419225634179,0.3320425943852856
Estonia,2013,11.36,10.5,0.86,0.9242957746478874,0.07570422535211267,-0.23691860465116277
Estonia,2014,13.27,12.549999999999999,0.7200000000000001,0.945742275810098,0.054257724189902046,0.1952380952380952
Estonia,2015,17.59,16.94,0.6499999999999999,0.9630471859010803,0.03695281409891984,0.3498007968127492
Estonia,2016,15.309999999999999,14.66,0.6499999999999999,0.9575440888308296,0.042455911169170475,-0.13459268004722558
Estonia,2017,16.689999999999998,15.999999999999998,0.69,0.9586578789694428,0.04134212103055722,0.09140518417462462
Estonia,2018,18.62,18.07,0.55,0.9704618689581095,0.02953813104189044,0.12937500000000024
Estonia,2019,30.83,30.259999999999998,0.5700000000000001,0.9815115147583523,0.01848848524164775,0.6745987825124515
Estonia,2020,52.34,51.82,0.52,0.9900649598777225,0.009935040122277417,0.7124917382683411
Estonia,2021,43.39,42.79,0.6000000000000001,0.9861719290159022,0.01382807098409772,-0.17425704361250482
Estonia,2022,35.57,34.84,0.73,0.9794770874332304,0.02052291256676975,-0.18579107268053274
Estonia,2023,51.949999999999996,51.58,0.37,0.9928777670837344,0.007122232916265641,0.4804822043628012
Estonia,2024,60.6,59.24,1.36,0.9775577557755776,0.022442244224422443,0.14850717332299346
Estonia,2025,64.6,63.209999999999994,1.3900000000000001,0.9784829721362229,0.021517027863777093,0.06701553004726524
Finland,2000,156.63,56.79,45.230000000000004,0.3625742194981804,0.28876971206026947,
Finland,2001,156.07,50.47,52.25,0.3233805343756007,0.3347856730954059,-0.11128719845043145
Finland,2002,155.19,46.300000000000004,56.82,0.2983439654616922,0.366131838391649,-0.08262334059837517
Finland,2003,163.75,41.68,72.37,0.25453435114503814,0.4419541984732825,-0.09978401727861785
Finland,2004,168.0,55.489999999999995,63.32,0.330297619047619,0.3769047619047619,0.3313339731285987
Finland,2005,155.82,56.71,42.86,0.36394557823129253,0.27506096778333977,0.021985943413227682
Finland,2006,163.96,49.75000000000001,63.46,0.30342766528421566,0.3870456208831422,-0.1227296773055897
Finland,2007,161.12,54.28,54.57,0.3368917576961271,0.33869165839126114,0.09105527638190947
Finland,2008,161.1,63.68000000000001,44.78,0.39528243327126017,0.2779639975170702,0.17317612380250558
Finland,2009,158.01999999999998,51.809999999999995,50.03,0.32786988988735605,0.3166054929755728,-0.18640075376884435
Finland,2010,163.02,54.16,57.79,0.33222917433443744,0.3544963808121703,0.04535803898861235
Finland,2011,157.21,57.07,45.4,0.3630176197442911,0.28878570065517456,0.05372968980797643
Finland,2012,158.24,69.13,33.47,0.43686804853387257,0.21151415571284124,0.21131943227615202
Finland,2013,160.34,61.589999999999996,42.01,0.384121242359985,0.26200573780715974,-0.10906986836395194
Finland,2014,156.26,64.87,33.18,0.4151414309484194,0.21233841034173814,0.05325539860366946
Finland,2015,157.52,75.02000000000001,25.36,0.4762569832402235,0.16099542915185372,0.15646677971327283
Finland,2016,157.89000000000001,74.65,26.29,0.4727975172588511,0.1665083285831908,-0.004932018128499083
Finland,2017,156.57999999999998,78.08,22.729999999999997,0.4986588325456636,0.1451654106527015,0.045947756195579226
Finland,2018,157.36,77.91,24.21,0.4951067615658362,0.1538510421962379,-0.0021772540983606703
Finland,2019,157.17,78.34,20.17,0.4984411783419228,0.12833237895272637,0.005519188807598496
Finland,2020,160.46,87.82,15.71,0.5473015081640283,0.09790602019194815,0.12101097778912417
Finland,2021,162.97,91.13,15.510000000000002,0.5591826716573602,0.0951708903479168,0.03769073104076526
Finland,2022,163.18,92.22999999999999,10.5,0.5652040691261183,0.06434612084814315,0.012070668276088936
Finland,2023,175.53,94.19,4.9399999999999995,0.5366034296131715,0.028143337321255624,0.021251219776645458
Finland,2024,177.71,101.97,3.65,0.5738000112542907,0.020539080524449947,0.08259900201719939
Finland,2025,178.09,102.94,2.4499999999999997,0.5780223482508844,0.013757089112246615,0.009512601745611526
France,2000,619.43,80.57000000000001,45.74,0.1300711944852526,0.0738420806225078,
France,2001,630.9799999999999,90.11,42.19,0.14280959776855054,0.06686424292370599,0.1184063547226013
France,2002,639.6999999999999,74.06,49.650000000000006,0.11577301860246993,0.07761450680006254,-0.1781156364443458
France,2003,646.22,72.47,53.790000000000006,0.112144470923215,0.08323790659527716,-0.02146907912503382
France,2004,654.26,73.42999999999999,53.44,0.11223366857212728,0.08168006602879589,0.013246860769973612
France,2005,654.97,64.64,59.46000000000001,0.09869154312411255,0.0907827839443028,-0.11970584229878789
France,2006,653.7099999999999,71.64,52.52,0.10958987930427867,0.08034143580486762,0.10829207920792072
France,2007,648.44,75.74000000000001,54.699999999999996,0.11680340509530567,0.08435630127691073,0.057230597431602526
France,2008,654.91,85.08000000000001,52.87,0.12991098013467503,0.08072864973813196,0.12331660945339329
France,2009,618.4000000000001,81.04,50.150000000000006,0.13104786545924968,0.08109637774902975,-0.047484720263281655
France,2010,650.54,90.32000000000001,55.5,0.13883850339717774,0.08531373935499739,0.11451135241855881
France,2011,653.1199999999999,77.66,55.14,0.11890617344439001,0.08442552670259679,-0.1401682905225865
France,2012,652.62,100.26,52.0,0.15362691918727592,0.07967883301155343,0.2910121040432656
France,2013,663.36,116.67,49.55,0.1758773516642547,0.07469548962855764,0.16367444643925788
France,2014,652.9199999999998,110.64,28.73,0.16945414445873924,0.044002328003430756,-0.05168423759321161
France,2015,660.24,107.84,38.78,0.16333454501393432,0.058736217133163696,-0.025307302964569733
France,2016,645.37,116.73000000000002,53.29,0.18087298758851514,0.08257278770317802,0.08243694362017817
France,2017,641.4100000000001,108.46,62.91,0.1690962099125364,0.09808079075786157,-0.07084725434764005
France,2018,663.8000000000001,133.6,45.6,0.20126544139801142,0.06869539017776438,0.23179052185137383
France,2019,652.9,132.87,50.46,0.20350742839638536,0.07728595497013326,-0.005464071856287389
France,2020,615.31,148.75,45.62,0.24174806195251175,0.07414148965562074,0.11951531572213447
France,2021,638.39,144.29999999999998,45.79,0.22603737527216902,0.07172731402434249,-0.029915966386554693
France,2022,555.77,137.57,60.55,0.2475304532450474,0.10894794609280817,-0.04663894663894652
France,2023,607.51,166.38,37.730000000000004,0.27387203502823,0.06210597356422117,0.20942065857381698
France,2024,650.54,179.85,22.52,0.27646263104497804,0.034617394779721464,0.08095924990984482
France,2025,657.8100000000001,174.62,22.330000000000002,0.26545659080889616,0.03394597224122467,-0.029079788712816135
Germany,2000,647.73,41.63,406.68,0.06427060657990212,0.6278541985086379,
Germany,2001,654.89,44.43,409.57000000000005,0.06784345462596772,0.6254027393913483,0.06725918808551512
Germany,2002,662.0500000000001,52.11,416.86,0.0787100672154671,0.6296503285250358,0.17285617825793387
Germany,2003,675.12,54.419999999999995,428.22,0.08060789193032349,0.6342872378243868,0.044329303396660746
Germany,2004,682.6899999999999,67.47999999999999,420.72999999999996,0.0988442777834742,0.6162826465892279,0.23998529952223446
Germany,2005,682.48,73.77,419.08,0.10809107959207595,0.6140546243113351,0.09321280379371677
Germany,2006,699.26,84.08000000000001,421.37,0.1202413980493665,0.6025941709807511,0.13975870950250813
Germany,2007,700.3100000000001,103.61,433.9,0.14794876554668646,0.619582756207965,0.23227878211227382
Germany,2008,702.46,109.28,421.21000000000004,0.15556757680152605,0.5996213307519289,0.05472444744715754
Germany,2009,660.77,112.41000000000001,390.48,0.17011970882455318,0.5909469255565477,0.028642020497803955
Germany,2010,693.37,122.3,407.99,0.17638490272149068,0.5884159972309156,0.08798149630815755
Germany,2011,676.48,144.99,405.66999999999996,0.2143300614947966,0.5996777436140018,0.185527391659853
Germany,2012,691.04,166.53,409.0,0.240984602917342,0.5918615420236166,0.1485619697910201
Germany,2013,700.43,176.08,411.60999999999996,0.2513884328198393,0.5876532986879488,0.05734702456013929
Germany,2014,690.1,188.1,389.1700000000001,0.27256919287059844,0.563932763367628,0.06826442526124477
Germany,2015,709.5999999999999,217.57,385.88,0.30660935738444195,0.5437993235625705,0.15667198298777252
Germany,2016,712.1700000000001,218.61,395.74,0.3069632250726652,0.5556819298762935,0.004780070781817525
Germany,2017,715.39,249.14,378.09,0.34825759376004695,0.5285089252016383,0.13965509354558336
Germany,2018,704.92,258.19,358.71000000000004,0.3662685127390342,0.5088662543267322,0.03632495785502132
Germany,2019,673.96,281.36,305.02,0.41747284705323756,0.45257878805863844,0.08974011386963099
Germany,2020,641.71,295.86,270.11,0.46104938367798537,0.42092222343426156,0.051535399488200184
Germany,2021,652.74,272.65999999999997,299.01,0.4177160891013267,0.45808438275576796,-0.07841546677482603
Germany,2022,641.4100000000001,295.92,304.66,0.46135856940178666,0.47498479911445096,0.0853077092349448
Germany,2023,581.63,331.78999999999996,241.2,0.5704485669583755,0.4146966284407613,0.12121519329548502
Germany,2024,571.49,349.5,221.99,0.6115592573798316,0.38844074262016837,0.053377136140329906
Germany,2025,577.79,354.84000000000003,222.95,0.614133162567715,0.3858668374322851,0.015278969957081667
Greece,2000,128.18,11.96,116.22,0.09330628803245436,0.9066937119675456,
Greece,2001,129.20000000000002,8.54,120.66000000000001,0.06609907120743033,0.9339009287925696,-0.2859531772575252
Greece,2002,129.94000000000003,10.29,119.65,0.07919039556718484,0.920809604432815,0.20491803278688536
Greece,2003,134.76,16.169999999999998,118.58999999999999,0.11999109528049866,0.8800089047195013,0.5714285714285714
Greece,2004,136.64000000000001,16.06,120.58000000000001,0.11753512880562059,0.8824648711943794,-0.006802721088435382
Greece,2005,135.45,17.32,118.13,0.1278700627537837,0.8721299372462163,0.078455790784558
Greece,2006,135.60999999999999,20.58,115.03,0.15175871985841752,0.8482412801415826,0.18822170900692825
Greece,2007,139.06,11.95,127.10999999999999,0.08593412915288363,0.9140658708471162,-0.41933916423712336
Greece,2008,138.0,15.0,123.0,0.10869565217391304,0.8913043478260869,0.2552301255230127
Greece,2009,141.81,21.68,120.13,0.15288061490727028,0.8471193850927297,0.44533333333333336
Greece,2010,141.6,29.14,112.46,0.20579096045197742,0.7942090395480226,0.34409594095940954
Greece,2011,144.45999999999998,22.090000000000003,122.36999999999999,0.1529143015367576,0.8470856984632424,-0.24193548387096764
Greece,2012,146.06,27.04,119.02,0.18512939887717375,0.8148706011228262,0.22408329560887252
Greece,2013,143.23999999999998,39.83,103.41,0.2780647863725217,0.7219352136274785,0.4730029585798816
Greece,2014,134.84,36.730000000000004,98.11,0.27239691486205875,0.7276030851379413,-0.07783078081847838
Greece,2015,136.26,43.94,92.32,0.32247174519301336,0.6775282548069866,0.1962973046555947
Greece,2016,139.27,42.55,96.72,0.30552164859625186,0.694478351403748,-0.031634046426945894
Greece,2017,140.37,38.989999999999995,101.38,0.27776590439552606,0.7222340956044738,-0.08366627497062284
Greece,2018,137.54,46.809999999999995,90.73,0.3403373564054093,0.6596626435945907,0.2005642472428828
Greece,2019,131.81,49.67,82.13999999999999,0.3768302860177528,0.6231697139822471,0.06109805597094642
Greece,2020,134.73,54.50000000000001,80.22999999999999,0.40451272916202785,0.5954872708379723,0.09724179585262749
Greece,2021,142.01,62.93000000000001,79.08,0.4431378071966764,0.5568621928033237,0.1546788990825687
Greece,2022,138.99,65.9,73.09,0.4741348298438737,0.5258651701561263,0.04719529636103603
Greece,2023,136.82,74.21000000000001,62.61,0.542391463236369,0.45760853676363106,0.1261001517450684
Greece,2024,145.58,77.33,68.25,0.5311856024179145,0.46881439758208543,0.04204285136774
Greece,2025,146.91000000000003,78.66,68.25,0.5354298550132733,0.4645701449867265,0.017199017199017286
Hungary,2000,117.6,0.9199999999999999,62.2,0.00782312925170068,0.5289115646258504,
Hungary,2001,120.19999999999999,0.97,66.3,0.008069883527454243,0.5515806988352746,0.05434782608695654
Hungary,2002,127.68,0.87,74.27000000000001,0.00681390977443609,0.5816885964912282,-0.1030927835051546
Hungary,2003,127.30000000000001,1.3,82.73,0.01021209740769835,0.6498821681068342,0.49425287356321834
Hungary,2004,129.91,3.73,78.94,0.02871218535909476,0.6076514510045417,1.8692307692307693
Hungary,2005,133.29,7.1,73.67,0.053267311876359816,0.5527046290044265,0.9034852546916889
Hungary,2006,133.05,5.64,76.4,0.04239007891770011,0.5742202179631717,-0.20563380281690147
Hungary,2007,137.16,6.59,79.15,0.04804607757363663,0.5770632837561972,0.1684397163120568
Hungary,2008,137.95,8.219999999999999,77.88,0.059586806814063066,0.5645523740485683,0.24734446130500753
Hungary,2009,132.78,10.940000000000001,63.44,0.08239192649495407,0.4777827986142491,0.3309002433090027
Hungary,2010,134.61,11.110000000000001,65.56,0.082534729960627,0.4870366243221157,0.015539305301645268
Hungary,2011,134.51,10.23,65.03,0.07605382499442422,0.48345847892350013,-0.07920792079207928
Hungary,2012,132.87,10.27,61.199999999999996,0.07729359524347106,0.4606005870399638,0.003910068426197455
Hungary,2013,129.07,11.969999999999999,50.95,0.09274037344076858,0.3947470364918262,0.16553067185978576
Hungary,2014,127.86,13.919999999999998,45.04,0.10886907555138431,0.3522602846863757,0.162907268170426
Hungary,2015,128.69,13.830000000000002,46.84,0.10746755769679076,0.3639754448675111,-0.006465517241379004
Hungary,2016,129.94000000000003,13.440000000000001,50.099999999999994,0.10343235339387409,0.38556256733877164,-0.02819956616052066
Hungary,2017,130.74999999999997,14.05,51.69,0.10745697896749525,0.3953346080305928,0.045386904761904656
Hungary,2018,129.58,15.54,49.230000000000004,0.11992591449297729,0.37991974070072543,0.10604982206405689
Hungary,2019,132.1,18.42,49.87,0.13943981831945498,0.37751703255109764,0.1853281853281854
Hungary,2020,132.83,21.330000000000002,49.45,0.16058119400737786,0.3722803583527817,0.1579804560260587
Hungary,2021,134.07,26.06,47.730000000000004,0.194376072201089,0.35600805549339903,0.2217533989685887
Hungary,2022,134.07,29.060000000000002,45.01,0.21675244275378536,0.3357201461922876,0.11511895625479673
Hungary,2023,133.75,35.779999999999994,37.260000000000005,0.26751401869158875,0.27857943925233647,0.231245698554714
Hungary,2024,136.38,43.449999999999996,34.75,0.3185951019211028,0.25480275700249305,0.21436556735606493
Hungary,2025,138.84,49.519999999999996,33.21,0.35666954768078357,0.2391961970613656,0.13970080552359043
Ireland,2000,90.36,6.23,84.13,0.06894643647631696,0.931053563523683,
Ireland,2001,87.4,5.27,82.13,0.060297482837528595,0.9397025171624713,-0.1540930979133227
Ireland,2002,95.76,6.94,88.82,0.07247284878863826,0.9275271512113616,0.3168880455407972
Ireland,2003,102.51,5.78,96.73,0.05638474295190713,0.9436152570480929,-0.16714697406340062
Ireland,2004,102.05,7.01,95.04,0.06869181773640372,0.9313081822635964,0.21280276816608978
Ireland,2005,97.39,9.27,88.12,0.09518431050415853,0.9048156894958415,0.32239657631954355
Ireland,2006,103.99000000000001,11.73,92.26,0.11279930762573324,0.8872006923742667,0.2653721682847898
Ireland,2007,110.16,12.85,97.31,0.11664851125635439,0.8833514887436457,0.0954816709292412
Ireland,2008,110.70000000000002,15.81,94.89,0.14281842818428184,0.8571815718157181,0.23035019455252925
Ireland,2009,111.89000000000001,19.03,92.86,0.1700777549378854,0.8299222450621144,0.20366856419987345
Ireland,2010,115.74,17.16,98.58,0.14826334888543288,0.8517366511145672,-0.09826589595375723
Ireland,2011,116.30999999999999,25.72,90.59,0.22113317857449918,0.7788668214255009,0.4988344988344988
Ireland,2012,114.61000000000001,24.910000000000004,89.7,0.21734578134543234,0.7826542186545676,-0.03149300155520973
Ireland,2013,113.36,27.990000000000002,85.37,0.24691249117854625,0.7530875088214538,0.12364512244078685
Ireland,2014,112.29,31.5,80.79,0.28052364413572,0.71947635586428,0.12540192926045002
Ireland,2015,115.09,36.269999999999996,78.82,0.3151446693891736,0.6848553306108263,0.15142857142857125
Ireland,2016,118.89999999999999,32.72,86.18,0.27518923465096723,0.7248107653490329,-0.09787703336090425
Ireland,2017,120.33999999999999,38.269999999999996,82.07,0.318015622403191,0.6819843775968091,0.16962102689486547
Ireland,2018,120.36,43.65,76.71,0.36266201395812564,0.6373379860418743,0.14058008884243534
Ireland,2019,120.27000000000001,50.66,69.61,0.4212189240874698,0.5787810759125301,0.1605956471935852
Ireland,2020,125.58,56.09,69.49,0.44664755534320755,0.5533524446567925,0.1071851559415713
Ireland,2021,123.02000000000001,48.809999999999995,74.21000000000001,0.39676475369858555,0.6032352463014145,-0.12979140666785538
Ireland,2022,127.33000000000001,52.46,74.87,0.4120003141443493,0.5879996858556507,0.07477975824626104
Ireland,2023,128.63,59.540000000000006,69.08999999999999,0.46287802223431557,0.5371219777656845,0.13495996950057187
Ireland,2024,127.33000000000001,60.99,66.34,0.4789915966386554,0.5210084033613445,0.02435337588176001
Ireland,2025,127.07,63.05,64.02,0.4961832061068702,0.5038167938931297,0.033776028857189555
Italy,2000,244.64000000000001,69.71000000000001,174.93,0.2849493132766514,0.7150506867233486,
Italy,2001,260.25,74.34,185.91,0.2856484149855908,0.7143515850144092,0.06641801750107579
Italy,2002,249.17,65.72,183.45,0.263755668820484,0.7362443311795159,-0.11595372612321775
Italy,2003,273.89000000000004,63.24,210.65,0.23089561502793088,0.769104384972069,-0.037735849056603765
Italy,2004,307.29,72.22,235.07000000000002,0.23502229164632754,0.7649777083536724,0.14199873497786197
Italy,2005,323.29,64.87,258.42,0.200655757988184,0.799344242011816,-0.10177236222652997
Italy,2006,335.77,67.2,268.57,0.20013699854066774,0.7998630014593323,0.03591798982580552
Italy,2007,350.95,63.309999999999995,287.64,0.18039606781592818,0.8196039321840718,-0.057886904761904834
Italy,2008,361.94,76.83,285.11,0.21227275238989887,0.7877272476101012,0.21355236139630396
Italy,2009,345.88,93.44,252.44000000000003,0.27015149762923557,0.7298485023707645,0.2161915918261097
Italy,2010,360.35,102.9,257.45,0.2855557097266546,0.7144442902733453,0.10124143835616439
Italy,2011,363.53000000000003,110.75,252.78,0.30465161059609935,0.6953483894039005,0.07628765792031089
Italy,2012,362.11,123.44999999999999,238.66,0.3409185054265278,0.6590814945734721,0.11467268623024829
Italy,2013,359.02000000000004,151.16,207.86,0.42103503983065005,0.5789649601693498,0.2244633454840017
Italy,2014,351.01,164.32,186.69,0.4681348109740463,0.5318651890259537,0.08706006880127015
Italy,2015,356.99,147.82,209.17,0.4140732233395893,0.5859267766604106,-0.10041382667964949
Italy,2016,364.14,145.79,218.35,0.40036799033338827,0.5996320096666118,-0.013732918414287698
Italy,2017,371.66,139.45,232.21000000000004,0.3752085239197115,0.6247914760802885,-0.04348720762740932
Italy,2018,366.33,154.41,211.92000000000002,0.42150520022930144,0.5784947997706986,0.10727859447830768
Italy,2019,371.67,155.76999999999998,215.9,0.4191083488040465,0.5808916511959534,0.008807719707272677
Italy,2020,359.35,159.14000000000001,200.21,0.44285515514122725,0.5571448448587728,0.02163446106438993
Italy,2021,370.46,157.07999999999998,213.38,0.42401338875992006,0.5759866112400799,-0.012944577101922983
Italy,2022,358.96,136.32,222.64000000000001,0.3797637619790506,0.6202362380209495,-0.13216195569136746
Italy,2023,343.87,161.07,182.8,0.46840375723383837,0.5315962427661617,0.18155809859154926
Italy,2024,352.75,184.41,168.34,0.5227781715095676,0.4772218284904323,0.14490594151611114
Italy,2025,355.31,177.88,177.42999999999998,0.5006332498381695,0.49936675016183046,-0.03541022721110565
Kosovo,2000,102.27,1.74,100.53,0.017013787034320917,0.9829862129656791,
Kosovo,2001,103.17,1.3900000000000001,101.78,0.013472908791315305,0.9865270912086846,-0.20114942528735624
Kosovo,2002,103.15,1.4000000000000001,101.75,0.013572467280659235,0.9864275327193407,0.007194244604316502
Kosovo,2003,102.78,1.43,101.35,0.013913212687293248,0.9860867873127067,0.021428571428571352
Kosovo,2004,103.32,2.81,100.50999999999999,0.027197057684862566,0.9728029423151374,0.9650349650349652
Kosovo,2005,103.76,2.58,101.18,0.024865073245952198,0.9751349267540478,-0.08185053380782914
Kosovo,2006,103.72999999999999,2.36,101.36999999999999,0.022751373758796878,0.9772486262412031,-0.0852713178294574
Kosovo,2007,104.17999999999999,1.9500000000000002,102.22999999999999,0.018717604146669228,0.9812823958533308,-0.1737288135593219
Kosovo,2008,104.55,1.6300000000000001,102.92,0.015590626494500241,0.9844093735054998,-0.16410256410256407
Kosovo,2009,104.75,2.5300000000000002,102.22,0.024152744630071603,0.9758472553699283,0.5521472392638038
Kosovo,2010,104.75999999999999,3.25,101.50999999999999,0.031023291332569685,0.9689767086674304,0.28458498023715406
Kosovo,2011,105.43,1.82,103.61000000000001,0.01726263871763255,0.9827373612823675,-0.43999999999999995
Kosovo,2012,105.76,1.78,103.98,0.01683055975794251,0.9831694402420574,-0.02197802197802201
Kosovo,2013,106.36000000000001,2.29,104.07000000000001,0.021530650620534032,0.978469349379466,0.2865168539325842
Kosovo,2014,105.22999999999999,2.9099999999999997,102.32,0.027653710918939464,0.9723462890810606,0.27074235807860236
Kosovo,2015,105.94,2.43,103.50999999999999,0.022937511799131585,0.9770624882008684,-0.16494845360824728
Kosovo,2016,105.80000000000001,4.43,101.37,0.04187145557655954,0.9581285444234404,0.8230452674897117
Kosovo,2017,105.74000000000001,3.22,102.52000000000001,0.030452052203518064,0.9695479477964819,-0.27313769751692996
Kosovo,2018,105.72999999999999,5.38,100.35,0.05088432800529651,0.9491156719947035,0.670807453416149
Kosovo,2019,106.02,5.2,100.82,0.04904734955668742,0.9509526504433126,-0.03345724907063197
Kosovo,2020,106.54,5.7299999999999995,100.81,0.0537826168575183,0.9462173831424817,0.10192307692307678
Kosovo,2021,106.6,6.959999999999999,99.64,0.06529080675422139,0.9347091932457786,0.2146596858638743
Kosovo,2022,106.6,6.959999999999999,99.64,0.06529080675422139,0.9347091932457786,0.0
Kosovo,2023,106.17,13.42,92.75,0.12640105491193368,0.8735989450880663,0.9281609195402301
Kosovo,2024,106.62,9.15,97.47,0.08581879572312887,0.9141812042768711,-0.3181818181818181
Kosovo,2025,105.16000000000001,11.620000000000001,93.54,0.1104982883225561,0.8895017116774439,0.26994535519125695
Latvia,2000,99.36,70.94,28.419999999999998,0.7139694041867954,0.2860305958132045,
Latvia,2001,100.85000000000001,69.11,31.740000000000002,0.6852751611303916,0.31472483886960834,-0.02579644770228362
Latvia,2002,99.25,64.94000000000001,34.31,0.6543073047858943,0.34569269521410584,-0.060338590652582624
Latvia,2003,101.35000000000001,61.28000000000001,40.07,0.6046373951652689,0.3953626048347311,-0.05635971666153372
Latvia,2004,103.35000000000001,71.43,31.919999999999998,0.6911465892597968,0.30885341074020317,0.16563315926892952
Latvia,2005,104.7,72.92999999999999,31.77,0.6965616045845271,0.3034383954154728,0.02099958000839952
Latvia,2006,104.88,59.84,45.04,0.5705568268497331,0.429443173150267,-0.1794871794871794
Latvia,2007,104.32000000000001,62.06,42.260000000000005,0.5949003067484663,0.4050996932515338,0.03709893048128343
Latvia,2008,105.27,64.11999999999999,41.150000000000006,0.6091004084734492,0.39089959152655085,0.03319368353206564
Latvia,2009,105.58000000000001,67.48,38.1,0.639136200037886,0.360863799962114,0.05240174672489095
Latvia,2010,106.63000000000001,58.540000000000006,48.09,0.5490012191690894,0.4509987808309106,-0.13248369887374034
Latvia,2011,106.09,53.650000000000006,52.44,0.5057027052502593,0.49429729474974077,-0.0835326272634096
Latvia,2012,106.17,70.72,35.45,0.6661015352736177,0.33389846472638224,0.3181733457595526
Latvia,2013,106.2,60.47,45.730000000000004,0.56939736346516,0.43060263653483993,-0.1449377828054299
Latvia,2014,105.15,57.28,47.870000000000005,0.5447456015216358,0.45525439847836424,-0.05275343145361333
Latvia,2015,105.54,52.96,52.58,0.5018002653022551,0.49819973469774487,-0.07541899441340782
Latvia,2016,106.41,57.68,48.73,0.5420543182031764,0.4579456817968236,0.08912386706948627
Latvia,2017,107.53,77.97,29.56,0.725099972100809,0.27490002789919094,0.35176837725381405
Latvia,2018,106.57,55.42999999999999,51.14,0.5201276156516843,0.4798723843483157,-0.28908554572271394
Latvia,2019,106.44,52.71999999999999,53.72,0.4953025178504321,0.5046974821495678,-0.04889049251307953
Latvia,2020,105.71000000000001,67.27000000000001,38.44,0.6363636363636365,0.3636363636363636,0.2759863429438547
Latvia,2021,105.84,67.3,38.54,0.6358654572940287,0.36413454270597123,0.00044596402556851267
Latvia,2022,105.03,79.76,25.27,0.7594020755974484,0.24059792440255165,0.18514115898959904
Latvia,2023,106.37,82.69,23.68,0.7773808404625364,0.22261915953746356,0.0367352056168504
Latvia,2024,106.32,78.1,28.22,0.7345748683220467,0.26542513167795334,-0.055508525819325194
Latvia,2025,105.42999999999999,77.63,27.8,0.736317936071327,0.2636820639286731,-0.0060179257362356076
Lithuania,2000,103.64,3.3899999999999997,16.18,0.032709378618294094,0.15611732921651872,
Lithuania,2001,108.07,2.63,14.969999999999999,0.02433607846765985,0.13852132876839085,-0.22418879056047192
Lithuania,2002,112.60000000000001,2.37,14.309999999999999,0.021047957371225577,0.12708703374777974,-0.09885931558935357
Lithuania,2003,115.72000000000001,2.08,15.91,0.01797442101624611,0.13748703767715173,-0.1223628691983123
Lithuania,2004,115.38999999999999,2.72,17.04,0.023572233295779534,0.14767310858826588,0.3076923076923077
Lithuania,2005,109.66,3.6500000000000004,23.96,0.03328469815794274,0.21849352544227615,0.34191176470588247
Lithuania,2006,107.15000000000002,3.9899999999999998,22.84,0.0372375174988334,0.2131591227251516,0.09315068493150669
Lithuania,2007,107.98,4.89,20.229999999999997,0.04528616410446378,0.1873495091683645,0.2255639097744362
Lithuania,2008,106.45,5.109999999999999,17.26,0.0480037576326914,0.16214185063410053,0.04498977505112478
Lithuania,2009,106.72,5.32,16.44,0.049850074962518746,0.15404797601199402,0.04109589041095907
Lithuania,2010,86.1,19.11,66.99,0.22195121951219512,0.7780487804878049,2.5921052631578942
Lithuania,2011,92.71,27.22,65.49,0.2936037104950922,0.7063962895049077,0.42438513867085303
Lithuania,2012,94.28,27.4,66.88,0.2906236741620704,0.7093763258379295,0.006612784717119791
Lithuania,2013,93.24,38.04,55.199999999999996,0.407979407979408,0.592020592020592,0.3883211678832117
Lithuania,2014,91.61,42.43,49.18,0.46315904377251393,0.5368409562274861,0.11540483701366977
Lithuania,2015,90.18,41.39,48.79,0.45897094699489904,0.5410290530051008,-0.024510959226962004
Lithuania,2016,88.21,59.949999999999996,28.259999999999998,0.6796281600725541,0.3203718399274459,0.44841749214786164
Lithuania,2017,91.04,73.59,17.450000000000003,0.8083260105448155,0.19167398945518455,0.22752293577981675
Lithuania,2018,89.17,77.53999999999999,11.63,0.8695749691600313,0.1304250308399686,0.05367577116456035
Lithuania,2019,92.50999999999999,76.41999999999999,16.09,0.8260728569884336,0.17392714301156634,-0.014444157854010875
Lithuania,2020,95.12,57.24999999999999,37.870000000000005,0.6018713204373421,0.39812867956265774,-0.25085056267992667
Lithuania,2021,93.15,63.56,29.59,0.6823403113258185,0.31765968867418143,0.11021834061135394
Lithuania,2022,90.91,77.78,13.129999999999999,0.8555714442855572,0.14442855571444285,0.2237256135934549
Lithuania,2023,99.72999999999999,88.21000000000001,11.52,0.8844881179183798,0.11551188208162039,0.13409616868089502
Lithuania,2024,102.72999999999999,90.52,12.209999999999999,0.8811447483695124,0.11885525163048768,0.026187507085364325
Lithuania,2025,102.53,84.52000000000001,18.009999999999998,0.8243440944113919,0.1756559055886082,-0.06628369421122393
Luxembourg,2000,92.87,40.16,52.71,0.4324324324324324,0.5675675675675675,
Luxembourg,2001,97.39000000000001,19.709999999999997,77.68,0.20238217476126907,0.7976178252387308,-0.5092131474103586
Luxembourg,2002,101.69,5.5,96.19,0.05408594748746189,0.9459140525125381,-0.7209538305428715
Luxembourg,2003,101.7,5.170000000000001,96.53,0.05083579154375615,0.9491642084562438,-0.05999999999999983
Luxembourg,2004,102.46000000000001,5.84,96.62,0.05699785282061292,0.943002147179387,0.12959381044487417
Luxembourg,2005,102.43,6.48,95.95,0.06326271600117153,0.9367372839988284,0.1095890410958904
Luxembourg,2006,102.36,7.3,95.06,0.07131692067213755,0.9286830793278624,0.1265432098765431
Luxembourg,2007,101.89999999999999,8.41,93.49,0.08253189401373896,0.917468105986261,0.15205479452054793
Luxembourg,2008,101.22,10.58,90.64,0.10452479747085557,0.8954752025291445,0.258026159334126
Luxembourg,2009,101.83,8.83,93.0,0.08671314936659139,0.9132868506334086,-0.16540642722117205
Luxembourg,2010,101.65,8.61,93.04,0.08470241023118542,0.9152975897688146,-0.02491506228765583
Luxembourg,2011,100.31,9.33,90.98,0.09301166384208952,0.9069883361579105,0.08362369337979092
Luxembourg,2012,100.52,11.54,88.98,0.11480302427377635,0.8851969757262237,0.23687031082529475
Luxembourg,2013,98.51,19.919999999999998,78.59,0.20221297330220278,0.7977870266977972,0.7261698440207971
Luxembourg,2014,98.71000000000001,21.34,77.37,0.2161888359841961,0.7838111640158039,0.071285140562249
Luxembourg,2015,96.03999999999999,32.51,63.53,0.3385047896709704,0.6614952103290297,0.5234301780693533
Luxembourg,2016,91.85999999999999,58.69,33.169999999999995,0.6389070324406707,0.3610929675593294,0.8052906797908337
Luxembourg,2017,91.93,67.27000000000001,24.66,0.7317524203198086,0.2682475796801914,0.14619185551201253
Luxembourg,2018,92.55,71.52,21.029999999999998,0.7727714748784441,0.2272285251215559,0.06317823695555203
Luxembourg,2019,93.52000000000001,75.57000000000001,17.950000000000003,0.8080624465355004,0.1919375534644996,0.056627516778523734
Luxembourg,2020,95.41,80.48,14.93,0.8435174510009433,0.1564825489990567,0.06497287283313469
Luxembourg,2021,95.46000000000001,81.47,13.99,0.8534464697255394,0.1465535302744605,0.012301192842942177
Luxembourg,2022,95.35,86.99,8.36,0.9123230204509701,0.0876769795490299,0.06775500184116856
Luxembourg,2023,97.09,90.62,6.47,0.9333607992584201,0.06663920074157997,0.041728934360271364
Luxembourg,2024,96.80000000000001,92.09,4.71,0.9513429752066115,0.048657024793388425,0.016221584639152464
Luxembourg,2025,96.92999999999999,92.97,3.96,0.9591457753017643,0.040854224698235846,0.009555869258334182
Malta,2000,0.0,0.0,0.0,,,
Malta,2001,0.0,0.0,0.0,,,
Malta,2002,0.0,0.0,0.0,,,
Malta,2003,0.0,0.0,0.0,,,
Malta,2004,0.0,0.0,0.0,,,
Malta,2005,0.0,0.0,0.0,,,
Malta,2006,0.0,0.0,0.0,,,
Malta,2007,0.0,0.0,0.0,,,
Malta,2008,0.0,0.0,0.0,,,
Malta,2009,0.0,0.0,0.0,,,
Malta,2010,0.0,0.0,0.0,,,
Malta,2011,0.0,0.0,0.0,,,
Malta,2012,1.33,1.33,0.0,1.0,0.0,inf
Malta,2013,1.81,1.81,0.0,1.0,0.0,0.3609022556390977
Malta,2014,3.63,3.63,0.0,1.0,0.0,1.005524861878453
Malta,2015,7.79,7.79,0.0,1.0,0.0,1.1460055096418733
Malta,2016,16.42,16.42,0.0,1.0,0.0,1.1078305519897307
Malta,2017,89.95000000000002,10.479999999999999,79.47000000000001,0.11650917176209001,0.8834908282379099,-0.36175395858708903
Malta,2018,100.92999999999999,10.35,90.58,0.1025463192311503,0.8974536807688498,-0.012404580152671651
Malta,2019,100.58999999999999,10.35,90.24,0.10289293170295259,0.8971070682970474,0.0
Malta,2020,99.30000000000001,11.88,87.42,0.11963746223564954,0.8803625377643504,0.14782608695652177
Malta,2021,100.38,12.430000000000001,87.95,0.12382944809723054,0.8761705519027695,0.04629629629629628
Malta,2022,99.63,13.339999999999998,86.28999999999999,0.13389541302820435,0.8661045869717956,0.07320997586484279
Malta,2023,101.48,13.94,87.54,0.13736696886085928,0.8626330311391407,0.04497751124437799
Malta,2024,101.73,15.870000000000001,85.86,0.1560011795930404,0.8439988204069596,0.13845050215208055
Malta,2025,101.27,16.34,84.92999999999999,0.16135084427767354,0.8386491557223265,0.02961562696912412
Montenegro,2005,102.87,67.03,35.84,0.6515991056673471,0.34840089433265287,
Montenegro,2006,102.95,61.07,41.88,0.5932005828071879,0.40679941719281204,-0.08891541100999556
Montenegro,2007,102.14,61.09,41.05,0.5981006461719209,0.40189935382807906,0.0003274930407728416
Montenegro,2008,102.83,55.96,46.87,0.5441991636681902,0.4558008363318098,-0.08397446390571295
Montenegro,2009,102.75999999999999,77.07,25.69,0.75,0.25000000000000006,0.3772337383845603
Montenegro,2010,104.02,71.16,32.86,0.6840992116900596,0.3159007883099404,-0.07668353444920195
Montenegro,2011,102.65,46.480000000000004,56.17,0.4528007793472967,0.5471992206527033,-0.3468240584598088
Montenegro,2012,102.85,53.41,49.44,0.5192999513855129,0.4807000486144871,0.14909638554216853
Montenegro,2013,103.94,65.95,37.989999999999995,0.6345006734654609,0.3654993265345391,0.23478749297884294
Montenegro,2014,103.17,56.96,46.21,0.5520984782397984,0.4479015217602016,-0.13631539044730856
Montenegro,2015,103.0,51.160000000000004,51.839999999999996,0.4966990291262136,0.5033009708737863,-0.1018258426966292
Montenegro,2016,103.14,60.440000000000005,42.699999999999996,0.5859996121776226,0.4140003878223773,0.1813917122752151
Montenegro,2017,102.48,46.28000000000001,56.2,0.45160031225605,0.5483996877439501,-0.23428193249503637
Montenegro,2018,103.8,61.46,42.339999999999996,0.5921001926782273,0.4078998073217726,0.32800345721694013
Montenegro,2019,103.43,58.2,45.23,0.5626994102291405,0.43730058977085945,-0.05304262935242432
Montenegro,2020,103.39,53.980000000000004,49.41,0.5221007834413387,0.47789921655866135,-0.07250859106529206
Montenegro,2021,103.78,64.14,39.64,0.618038157641164,0.381961842358836,0.1882178584660985
Montenegro,2022,103.30999999999999,54.93,48.379999999999995,0.5317007066111703,0.46829929338882975,-0.14359214218896166
Montenegro,2023,104.19,63.41,40.78,0.6085996736730972,0.3914003263269028,0.1543782996541052
Montenegro,2024,103.53,61.59,41.94,0.5949000289771081,0.4050999710228919,-0.02870209746096819
Montenegro,2025,102.46,77.47,24.990000000000002,0.7560999414405623,0.24390005855943786,0.25783406397142383
Netherlands,2000,176.60999999999999,6.34,161.88,0.035898307004133406,0.9165958892474946,
Netherlands,2001,180.46,6.9,165.26,0.03823562008201264,0.9157708079352764,0.0883280757097793
Netherlands,2002,183.35999999999999,8.18,167.14,0.04461169284467714,0.9115401396160558,0.18550724637681149
Netherlands,2003,183.38,8.100000000000001,167.05,0.044170574762787664,0.910949940015269,-0.009779951100244322
Netherlands,2004,188.29,10.61,170.03,0.05634924849965479,0.9030219342503585,0.30987654320987623
Netherlands,2005,186.5,15.03,163.41,0.08058981233243967,0.8761930294906166,0.41658812441093307
Netherlands,2006,187.16,16.32,163.81,0.08719811925625134,0.8752404359905963,0.0858283433133733
Netherlands,2007,191.98,14.919999999999998,168.81,0.0777164287946661,0.8793103448275863,-0.08578431372549034
Netherlands,2008,195.21,18.5,168.61,0.0947697351570104,0.8637364889093797,0.239946380697051
Netherlands,2009,204.57000000000002,20.48,176.06,0.1001124309527301,0.8606345016375812,0.10702702702702704
Netherlands,2010,208.82000000000002,20.66,180.83,0.0989368834402835,0.8659611148357437,0.0087890625
Netherlands,2011,202.59999999999997,23.259999999999998,171.51999999999998,0.11480750246791709,0.8465942744323791,0.12584704743465625
Netherlands,2012,192.14000000000001,24.67,159.74,0.12839596127823463,0.8313729572186946,0.06061908856405873
Netherlands,2013,190.81,24.14,160.91,0.1265132854672187,0.8432996174204705,-0.021483583299554132
Netherlands,2014,191.51000000000002,23.060000000000002,160.35,0.12041146676413764,0.8372930917445564,-0.044739022369511106
Netherlands,2015,197.44,26.25,163.37,0.13295178282009726,0.8274412479740682,0.1383347788378142
Netherlands,2016,202.94,27.75,167.76,0.13673992312998917,0.8266482704247561,0.05714285714285716
Netherlands,2017,204.68,32.45,165.89999999999998,0.15854016025014658,0.810533515731874,0.16936936936936942
Netherlands,2018,202.73000000000002,35.57000000000001,160.55,0.1754550387214522,0.7919400187441424,0.09614791987673366
Netherlands,2019,211.03,41.800000000000004,162.06,0.19807610292375494,0.767947685163247,0.17514759628900745
Netherlands,2020,212.86,59.57,145.85,0.2798553039556516,0.6851921450718782,0.42511961722488034
Netherlands,2021,211.14999999999998,73.88999999999999,130.26,0.34994080037887754,0.6169074117925646,0.24038945778076193
Netherlands,2022,210.51,88.19999999999999,114.67999999999999,0.41898247114151344,0.5447722198470382,0.19366626065773462
Netherlands,2023,212.03,104.22999999999999,100.48,0.4915813799933971,0.47389520350893743,0.18174603174603177
Netherlands,2024,213.38,112.80999999999999,94.08,0.5286812259818164,0.4409035523479239,0.08231795068598302
Netherlands,2025,225.87,120.31,98.61000000000001,0.5326515252136185,0.4365785628901581,0.06648346777767933
North Macedonia,2000,100.07,18.35,81.72,0.18337163985210356,0.8166283601478965,
North Macedonia,2001,103.52999999999999,10.520000000000001,93.00999999999999,0.10161305901671015,0.8983869409832899,-0.42670299727520433
North Macedonia,2002,102.42999999999999,13.24,89.19,0.12925900615054184,0.8707409938494582,0.2585551330798477
North Macedonia,2003,106.42,21.73,84.69,0.2041909415523398,0.7958090584476601,0.6412386706948641
North Macedonia,2004,106.34,23.7,82.64,0.22287003949595635,0.7771299605040436,0.09065807639208456
North Macedonia,2005,106.78999999999999,22.959999999999997,83.83,0.21500140462590128,0.7849985953740988,-0.031223628691983252
North Macedonia,2006,103.2,25.189999999999998,78.01,0.24408914728682168,0.7559108527131784,0.0971254355400697
North Macedonia,2007,98.64,16.55,82.09,0.16778183292781834,0.8322181670721817,-0.3429932512901944
North Macedonia,2008,103.28000000000002,14.15,89.13000000000001,0.13700619674670797,0.862993803253292,-0.14501510574018128
North Macedonia,2009,102.89999999999999,19.89,83.00999999999999,0.19329446064139943,0.8067055393586006,0.40565371024734986
North Macedonia,2010,106.37,35.9,70.47,0.33750117514336747,0.6624988248566325,0.8049270990447459
North Macedonia,2011,105.65,22.58,83.07000000000001,0.2137245622337908,0.7862754377662092,-0.37103064066852365
North Macedonia,2012,104.72999999999999,17.65,87.08,0.16852859734555525,0.8314714026544449,-0.2183348095659876
North Macedonia,2013,104.16000000000001,27.690000000000005,76.47,0.2658410138248848,0.7341589861751151,0.5688385269121816
North Macedonia,2014,102.44999999999999,25.27,77.17999999999999,0.2466569058077111,0.753343094192289,-0.08739617190321436
North Macedonia,2015,103.02999999999999,37.949999999999996,65.08,0.36833931864505487,0.6316606813549452,0.5017807677087454
North Macedonia,2016,103.75,38.839999999999996,64.91,0.3743614457831325,0.6256385542168674,0.023451910408432086
North Macedonia,2017,103.89999999999999,24.32,79.58,0.23407122232916266,0.7659287776708373,-0.3738414006179196
North Macedonia,2018,104.67,36.9,67.77,0.352536543422184,0.6474634565778159,0.5172697368421051
North Macedonia,2019,104.78,24.16,80.62,0.23057835464783355,0.7694216453521665,-0.34525745257452567
North Macedonia,2020,103.56,29.19,74.37,0.2818655851680186,0.7181344148319815,0.20819536423841067
North Macedonia,2021,102.85000000000001,31.479999999999997,71.37,0.30607681088964506,0.6939231891103549,0.07845152449468973
North Macedonia,2022,95.77000000000001,28.71,67.06,0.299780724652814,0.7002192753471859,-0.08799237611181687
North Macedonia,2023,98.66000000000001,34.28,64.38000000000001,0.34745590918305286,0.6525440908169471,0.19400905607802166
North Macedonia,2024,103.42999999999999,41.940000000000005,61.489999999999995,0.4054916368558446,0.5945083631441554,0.22345390898483086
North Macedonia,2025,104.16,50.43,53.72999999999999,0.4841589861751152,0.5158410138248847,0.2024320457796851
Norway,2000,242.25,241.82,0.43,0.9982249742002064,0.0017750257997936015,
Norway,2001,220.77,220.26000000000002,0.51,0.9976899035194999,0.002310096480500068,-0.08915722438177143
Norway,2002,229.7,229.27999999999997,0.42,0.9981715280801045,0.001828471919895516,0.040951602651411845
Norway,2003,206.09000000000003,205.43,0.66,0.9967975156485029,0.0032024843514969186,-0.10402128401953925
Norway,2004,209.53999999999996,208.74999999999997,0.7899999999999999,0.9962298367853394,0.0037701632146606855,0.016161222800954
Norway,2005,236.71000000000004,235.98000000000002,0.73,0.996916057623252,0.003083942376747919,0.13044311377245532
Norway,2006,220.64999999999998,219.72,0.9299999999999999,0.9957851801495582,0.0042148198504418765,-0.0689041444190186
Norway,2007,235.47,234.08,1.3900000000000001,0.994096912557863,0.005903087442137003,0.06535590751866027
Norway,2008,240.57,239.75,0.8200000000000001,0.9965914286901941,0.003408571309805878,0.024222488038277534
Norway,2009,230.59,223.06,7.530000000000001,0.9673446376685892,0.03265536233141073,-0.069614181438999
Norway,2010,222.52,213.75,8.77,0.9605878123314758,0.039412187668524175,-0.041737649063032345
Norway,2011,225.44000000000003,218.71000000000004,6.73,0.9701472675656494,0.0298527324343506,0.023204678362573228
Norway,2012,245.66000000000003,241.82000000000002,3.8400000000000003,0.9843686395831637,0.015631360416836278,0.10566503589227727
Norway,2013,232.05999999999997,228.36999999999998,3.69,0.9840989399293286,0.01590106007067138,-0.055619882557274236
Norway,2014,239.73000000000002,235.86,3.87,0.9838568389438118,0.01614316105618821,0.03279765293164627
Norway,2015,241.82,238.01,3.81,0.9842444793648168,0.015755520635183196,0.00911557703722532
Norway,2016,246.98,243.20999999999998,3.77,0.9847356061219531,0.015264393878046807,0.021847821520104116
Norway,2017,247.12,243.6,3.52,0.9857559080608611,0.01424409193913888,0.0016035524855064764
Norway,2018,244.81,241.07,3.7399999999999998,0.9847228462889588,0.015277153711041215,-0.010385878489326816
Norway,2019,232.68000000000004,229.01000000000002,3.67,0.9842272649131855,0.015772735086814507,-0.05002696312274435
Norway,2020,253.27,250.55,2.72,0.9892604730129901,0.01073952698700991,0.09405702807737648
Norway,2021,255.95,255.37,0.5800000000000001,0.9977339324086736,0.0022660675913264315,0.019237677110357287
Norway,2022,244.12,242.11,2.01,0.9917663444207767,0.008233655579223332,-0.051924658338880825
Norway,2023,252.32999999999998,249.75,2.58,0.98977529425752,0.010224705742480087,0.03155590434100186
Norway,2024,255.93,253.51999999999998,2.41,0.9905833626382213,0.00941663736177861,0.01509509509509499
Norway,2025,259.66,258.2,1.46,0.9943772625741353,0.005622737425864592,0.01846008204480909
Poland,2000,236.32999999999998,3.95,232.38,0.01671391698049338,0.9832860830195067,
Poland,2001,235.91,4.72,231.19,0.020007630028400662,0.9799923699715993,0.19493670886075942
Poland,2002,234.69,4.71,229.98000000000002,0.020069027227406364,0.9799309727725937,-0.0021186440677966045
Poland,2003,242.21,3.7500000000000004,238.46,0.015482432599810083,0.9845175674001899,-0.20382165605095537
Poland,2004,244.25,5.290000000000001,238.96,0.021658137154554762,0.9783418628454452,0.41066666666666674
Poland,2005,248.05,6.33,241.72,0.02551904857891554,0.9744809514210844,0.19659735349716434
Poland,2006,252.88,6.96,245.92000000000002,0.027522935779816515,0.9724770642201835,0.09952606635071093
Poland,2007,251.01999999999998,8.85,242.17,0.03525615488805673,0.9647438451119433,0.27155172413793105
Poland,2008,247.38,10.879999999999999,236.5,0.04398092004204058,0.9560190799579594,0.2293785310734462
Poland,2009,244.21999999999997,14.46,229.76,0.059208909999181075,0.9407910900008191,0.3290441176470591
Poland,2010,249.26999999999998,17.82,231.45,0.07148874714165364,0.9285112528583463,0.2323651452282156
Poland,2011,256.15,21.189999999999998,234.95999999999998,0.08272496584032793,0.917275034159672,0.1891133557800222
Poland,2012,255.38,27.33,228.05,0.1070169942830292,0.8929830057169709,0.2897593204341671
Poland,2013,257.77,27.47,230.3,0.10656787058230205,0.893432129417698,0.005122575923893091
Poland,2014,252.4,32.39,220.01,0.12832805071315373,0.8716719492868462,0.17910447761194037
Poland,2015,256.74,36.5,220.24,0.14216717301550205,0.8578328269844979,0.12689101574560047
Poland,2016,257.92999999999995,36.55,221.38,0.14170511379056336,0.8582948862094368,0.001369863013698458
Poland,2017,262.62,38.339999999999996,224.28,0.14599040438656613,0.8540095956134338,0.048974008207934405
Poland,2018,262.08,34.38,227.70000000000002,0.1311813186813187,0.8688186813186815,-0.10328638497652565
Poland,2019,255.44999999999996,41.06,214.39,0.16073595615580352,0.8392640438441966,0.19429901105293768
Poland,2020,250.22,46.19,204.03,0.18459755415234594,0.8154024458476541,0.12493911349245002
Poland,2021,271.25,47.660000000000004,223.58999999999997,0.175705069124424,0.8242949308755759,0.031825070361550356
Poland,2022,271.08,58.79,212.29,0.2168732477497418,0.7831267522502583,0.23352916491817033
Poland,2023,258.59,73.57,185.01999999999998,0.28450442785877256,0.7154955721412274,0.25140329988093213
Poland,2024,264.93,84.76,180.17,0.3199335673574152,0.6800664326425848,0.15210004077749106
Poland,2025,262.96,86.09,176.87,0.3273881959233344,0.6726118040766658,0.015691363850873108
Portugal,2000,114.71,42.66,72.05,0.3718943422543806,0.6281056577456194,
Portugal,2001,115.92999999999999,49.910000000000004,66.02,0.4305184162856897,0.5694815837143103,0.16994842944210053
Portugal,2002,108.58000000000001,31.09,77.49000000000001,0.2863326579480567,0.7136673420519433,-0.37707874173512324
Portugal,2003,126.13000000000001,55.86,70.27000000000001,0.4428763973677951,0.557123602632205,0.7967192023158571
Portugal,2004,125.84,39.870000000000005,85.97,0.3168308963763509,0.683169103623649,-0.28625134264232
Portugal,2005,117.69999999999999,26.18,91.52,0.2224299065420561,0.7775700934579439,-0.34336593930273396
Portugal,2006,131.91000000000003,48.2,83.71000000000001,0.3654006519596694,0.6345993480403305,0.8411000763941943
Portugal,2007,131.07000000000002,50.910000000000004,80.16,0.38841840238040737,0.6115815976195924,0.056224066390041516
Portugal,2008,131.55,46.93,84.62,0.3567464842265298,0.6432535157734701,-0.07817717540758207
Portugal,2009,138.84,55.31999999999999,83.52000000000001,0.39844425237683656,0.6015557476231634,0.1787769017685914
Portugal,2010,144.5,81.36,63.14,0.563044982698962,0.4369550173010381,0.4707158351409979
Portugal,2011,143.28,70.68,72.6,0.49329983249581244,0.5067001675041876,-0.131268436578171
Portugal,2012,138.04999999999998,62.0,76.05,0.44911264034770015,0.5508873596523,-0.1228070175438597
Portugal,2013,144.95,88.0,56.95,0.6071058985857193,0.3928941014142808,0.4193548387096775
Portugal,2014,147.57,92.52999999999999,55.03999999999999,0.6270244629667276,0.3729755370332723,0.05147727272727254
Portugal,2015,146.72,71.98,74.74000000000001,0.49059432933478736,0.5094056706652127,-0.22209013292986046
Portugal,2016,154.9,87.0,67.9,0.5616526791478373,0.4383473208521627,0.20866907474298402
Portugal,2017,153.61,61.78,91.83,0.4021873575939066,0.5978126424060933,-0.28988505747126436
Portugal,2018,154.76,79.81,74.94999999999999,0.5157017317136211,0.48429826828637884,0.2918420200712204
Portugal,2019,147.49,80.53,66.96000000000001,0.5460031188555156,0.4539968811444844,0.009021425886480472
Portugal,2020,147.5,88.7,58.8,0.6013559322033899,0.39864406779661016,0.10145287470507891
Portugal,2021,145.26,95.63,49.63,0.6583367754371472,0.34166322456285286,0.078128523111612
Portugal,2022,142.14,87.21000000000001,54.93,0.613550021105952,0.38644997889404814,-0.08804768378124006
Portugal,2023,141.82999999999998,108.83,33.0,0.7673270817175493,0.23267291828245085,0.24790735007453257
Portugal,2024,143.0,125.46000000000001,17.54,0.8773426573426574,0.12265734265734266,0.1528071303868419
Portugal,2025,147.15,122.35,24.8,0.8314644920149507,0.16853550798504927,-0.024788777299537768
Romania,2000,141.58,43.45,82.08000000000001,0.30689362904365025,0.5797429015397655,
Romania,2001,138.04,42.78,79.63,0.3099101709649377,0.5768617791944364,-0.015420023014959816
Romania,2002,144.25,45.54,83.08,0.3157019064124783,0.5759445407279029,0.06451612903225801
Romania,2003,144.59,37.44,93.29,0.25893906909191505,0.645203679369251,-0.17786561264822143
Romania,2004,149.63,45.75,88.5,0.30575419367773843,0.5914589320323465,0.2219551282051282
Romania,2005,153.85,54.300000000000004,84.65,0.35294117647058826,0.550211244718882,0.18688524590163946
Romania,2006,158.43,47.71,96.09,0.3011424603926024,0.606513917818595,-0.1213627992633518
Romania,2007,158.45000000000002,42.010000000000005,96.21000000000001,0.26513095613758286,0.607194698643105,-0.11947180884510578
Romania,2008,163.14999999999998,43.769999999999996,90.84,0.26828072326080293,0.5567882316886302,0.04189478695548665
Romania,2009,155.07999999999998,42.56,80.36999999999999,0.27443899922620585,0.5182486458602011,-0.027644505368974004
Romania,2010,158.93,53.89,74.19,0.33908009815642104,0.46680928710753156,0.2662124060150375
Romania,2011,160.25,42.720000000000006,86.77,0.26658346333853356,0.5414664586583463,-0.20727407682315824
Romania,2012,157.14,40.44,85.64,0.25735013363879344,0.5449917271223114,-0.05337078651685412
Romania,2013,157.59,54.78,71.22,0.3476108890158005,0.45193222920236054,0.3545994065281901
Romania,2014,164.27,68.9,65.7,0.4194314238753272,0.3999512996895355,0.25775830595107707
Romania,2015,164.88,66.08,69.42999999999999,0.40077632217370207,0.42109412906356136,-0.040928882438316494
Romania,2016,163.13,68.97,65.28999999999999,0.42279163857046526,0.40023294305155394,0.04373486682808725
Romania,2017,162.76,62.51,70.63,0.3840624231998034,0.43395183091668715,-0.09366391184573009
Romania,2018,163.22,67.06,67.02,0.41085651268226936,0.41061144467589755,0.072788353863382
Romania,2019,157.97,66.54,60.949999999999996,0.4212192188390201,0.38583275305437736,-0.007754249925439827
Romania,2020,154.34,69.19,52.9,0.4482959699365038,0.3427497732279383,0.03982566877066418
Romania,2021,157.63,71.32,55.769999999999996,0.4524519444268223,0.35380321004884857,0.030784795490677697
Romania,2022,153.81,66.78,55.68,0.43417203042715036,0.36200507119173003,-0.06365675827257422
Romania,2023,156.43,78.16,47.43,0.4996484050373969,0.3032027104775299,0.17041030248577416
Romania,2024,152.21,71.03999999999999,49.57,0.46672360554497067,0.32566848433085865,-0.09109518935516892
Romania,2025,149.27,70.47,48.120000000000005,0.47209754136799087,0.32236886179406443,-0.008023648648648574
Serbia,2000,130.67000000000002,40.56,90.11,0.3104002448917119,0.689599755108288,
Serbia,2001,131.28,40.260000000000005,91.02000000000001,0.306672760511883,0.693327239488117,-0.007396449704141994
Serbia,2002,132.23000000000002,39.8,92.43,0.30099069802616646,0.6990093019738334,-0.011425732737208372
Serbia,2003,133.20000000000002,34.25,98.95000000000002,0.2571321321321321,0.7428678678678678,-0.1394472361809045
Serbia,2004,136.64,39.18,97.46,0.28673887587822017,0.7132611241217799,0.14394160583941606
Serbia,2005,133.02,43.230000000000004,89.78999999999999,0.32498872350022556,0.6750112764997743,0.10336906584992356
Serbia,2006,134.42000000000002,39.2,95.22,0.29162327034667457,0.7083767296533253,-0.09322229932916959
Serbia,2007,134.05,35.760000000000005,98.28999999999999,0.2667661320402835,0.7332338679597165,-0.08775510204081627
Serbia,2008,136.18,35.52,100.65999999999998,0.26083125275370833,0.7391687472462916,-0.006711409395973256
Serbia,2009,137.16,38.489999999999995,98.67000000000002,0.2806211723534558,0.7193788276465443,0.08361486486486469
Serbia,2010,136.75,43.66,93.08999999999999,0.3192687385740402,0.6807312614259597,0.13432060275396207
Serbia,2011,137.51,31.47,106.03999999999999,0.22885608319394954,0.7711439168060504,-0.27920293174530464
Serbia,2012,135.86,35.0,100.86000000000001,0.2576181363167967,0.7423818636832034,0.11217032094057844
Serbia,2013,139.07999999999998,36.27,102.81,0.2607851596203624,0.7392148403796377,0.03628571428571448
Serbia,2014,133.24,44.01,89.23,0.330306214350045,0.669693785649955,0.21339950372208416
Serbia,2015,137.23,37.01,100.22,0.2696932157691467,0.7303067842308534,-0.15905476028175414
Serbia,2016,138.14999999999998,38.99999999999999,99.14999999999999,0.28230184581976114,0.717698154180239,0.0537692515536341
Serbia,2017,135.92,34.78999999999999,101.13,0.25595938787522066,0.7440406121247793,-0.10794871794871796
Serbia,2018,136.12,40.629999999999995,95.49,0.29848662944460763,0.7015133705553922,0.1678643288301238
Serbia,2019,136.49,39.02000000000001,97.47,0.28588174957872375,0.7141182504212762,-0.03962589219788293
Serbia,2020,137.0,37.489999999999995,99.50999999999999,0.2736496350364963,0.7263503649635036,-0.03921066119938532
Serbia,2021,137.21,46.06,91.15,0.3356898185263465,0.6643101814736535,0.22859429181114987
Serbia,2022,134.53,38.01,96.52,0.2825392105849996,0.7174607894150004,-0.17477203647416417
Serbia,2023,139.09,48.72,90.37,0.35027679919476595,0.649723200805234,0.28176795580110503
Serbia,2024,136.47,43.91,92.56,0.3217556972228328,0.6782443027771672,-0.0987274220032841
Serbia,2025,136.21,37.980000000000004,98.23,0.27883415314587773,0.7211658468541223,-0.13504896378956943
Slovakia,2000,127.55000000000001,19.59,37.9,0.15358682869462953,0.2971383771070168,
Slovakia,2001,127.18,21.040000000000003,35.3,0.1654348167950936,0.2775593646799811,0.07401735579377244
Slovakia,2002,127.46,22.27,31.459999999999997,0.17472148124901932,0.24682253255923425,0.05846007604562731
Slovakia,2003,125.99,15.13,35.35,0.12008889594412256,0.2805778236367966,-0.32061068702290074
Slovakia,2004,125.32000000000001,17.69,34.69,0.1411586338972231,0.27681136291094793,0.16920026437541313
Slovakia,2005,126.28,19.619999999999997,32.36,0.15536902122267973,0.25625593918276846,0.10910118711136207
Slovakia,2006,126.16,20.2,30.319999999999997,0.1601141407736208,0.24032974001268229,0.02956167176350677
Slovakia,2007,122.49,22.64,29.48,0.1848314148093722,0.24067270797616133,0.1207920792079209
Slovakia,2008,123.54,20.49,28.159999999999997,0.16585721223895092,0.2279423668447466,-0.09496466431095418
Slovakia,2009,120.58999999999999,23.890000000000004,28.32,0.19810929596152257,0.2348453437266772,0.1659346022449979
Slovakia,2010,122.03,27.62,26.78,0.22633778579037941,0.21945423256576252,0.1561322729175385
Slovakia,2011,122.97,22.679999999999996,30.39,0.18443522810441568,0.2471334471822396,-0.17885590152063735
Slovakia,2012,123.4,24.799999999999997,28.380000000000003,0.20097244732576983,0.22998379254457052,0.0934744268077603
Slovakia,2013,124.17999999999999,28.68,24.62,0.230955065227895,0.1982605894669029,0.15645161290322585
Slovakia,2014,122.91,29.24,21.04,0.23789764868603042,0.17118216581238305,0.019525801952580135
Slovakia,2015,121.92,28.79,21.07,0.23613845144356954,0.17281824146981628,-0.01538987688098492
Slovakia,2016,121.69999999999999,31.379999999999995,20.439999999999998,0.25784716516023004,0.16795398520953164,0.08996179228898904
Slovakia,2017,122.12,30.39,21.65,0.24885358663609564,0.17728463806092368,-0.031548757170171915
Slovakia,2018,121.25,27.610000000000003,23.14,0.22771134020618558,0.19084536082474227,-0.09147745969068766
Slovakia,2019,124.26,30.23,24.58,0.24328021889586351,0.19781104136488006,0.09489315465411075
Slovakia,2020,124.94,30.869999999999997,24.47,0.2470785977269089,0.19585400992476387,0.021171022163413822
Slovakia,2021,124.75999999999999,29.57,26.5,0.23701506893235014,0.2124078230201988,-0.0421120829284094
Slovakia,2022,121.37999999999998,27.750000000000004,17.73,0.22862086010874944,0.14607019278299557,-0.0615488670950286
Slovakia,2023,125.18,29.43,15.35,0.2351014539063748,0.12262342227192842,0.060540540540540366
Slovakia,2024,126.05,31.15,14.920000000000002,0.2471241570805236,0.11836572788575964,0.05844376486578318
Slovakia,2025,125.87000000000002,24.18,15.93,0.1921029633749106,0.12655914832763962,-0.22375601926163724
Slovenia,2000,113.17999999999999,32.55,40.9,0.28759498144548507,0.36137126700830535,
Slovenia,2001,113.44999999999999,30.59,41.269999999999996,0.2696342000881446,0.3637725870427501,-0.06021505376344083
Slovenia,2002,114.05,26.76,43.879999999999995,0.23463393248575187,0.38474353353792196,-0.1252043151356652
Slovenia,2003,113.34,25.349999999999998,45.11,0.2236633139227104,0.39800599964707956,-0.05269058295964135
Slovenia,2004,114.89999999999999,31.78,41.9,0.27658833768494345,0.3646649260226284,0.25364891518737687
Slovenia,2005,114.73,27.2,42.74000000000001,0.237078357883727,0.37252680205700345,-0.14411579609817504
Slovenia,2006,114.66,28.19,44.19,0.24585731728588872,0.3854003139717425,0.036397058823529393
Slovenia,2007,114.81,25.849999999999998,45.36,0.22515460325755593,0.39508753592892604,-0.08300815892160351
Slovenia,2008,116.28,30.58,41.22,0.2629858961128311,0.3544891640866873,0.18297872340425525
Slovenia,2009,116.18,34.8,40.62,0.2995352039938027,0.3496298846617317,0.1379986919555265
Slovenia,2010,116.17999999999999,33.96,41.75,0.2923050438974006,0.3593561714580823,-0.024137931034482696
Slovenia,2011,115.77000000000001,28.25,42.230000000000004,0.24401831217068323,0.3647749848838214,-0.16813898704358066
Slovenia,2012,115.39999999999999,32.17999999999999,42.129999999999995,0.2788561525129982,0.3650779896013865,0.1391150442477873
Slovenia,2013,115.72,37.449999999999996,39.43,0.323625993778085,0.34073625993778084,0.16376631448104417
Slovenia,2014,116.80999999999999,45.089999999999996,28.21,0.3860114716205804,0.24150329595068917,0.2040053404539386
Slovenia,2015,114.64,33.739999999999995,37.07,0.29431263084438236,0.32336008374040476,-0.2517187846529164
Slovenia,2016,116.09,36.24,38.89,0.31217159100697733,0.33499870789904385,0.0740960284528751
Slovenia,2017,115.89,32.09,38.32,0.2769005091034602,0.3306583829493485,-0.11451434878587197
Slovenia,2018,115.98,37.599999999999994,36.74,0.32419382652181405,0.3167787549577513,0.17170458086631313
Slovenia,2019,115.81,36.75,36.61,0.317330109662378,0.3161212330541404,-0.022606382978723305
Slovenia,2020,116.75,38.620000000000005,34.18,0.3307922912205568,0.29276231263383296,0.05088435374149669
Slovenia,2021,115.08000000000001,40.330000000000005,32.410000000000004,0.35045185957594716,0.2816301703163017,0.044277576385292505
Slovenia,2022,112.86,34.54,30.72,0.3060428849902534,0.2721956406166932,-0.14356558393255658
Slovenia,2023,115.46,46.8,27.05,0.40533518101507016,0.23428027022345402,0.35495078170237404
Slovenia,2024,116.58,47.989999999999995,27.8,0.4116486532852976,0.23846285812317722,0.025427350427350337
Slovenia,2025,114.84,45.5,24.220000000000002,0.39620341344479276,0.21090212469522815,-0.05188580954365485
Spain,2000,284.66,50.089999999999996,144.2,0.1759643082976182,0.5065692404974355,
Spain,2001,295.3,70.45,133.79999999999998,0.2385709448018964,0.453098543853708,0.40646835695747674
Spain,2002,297.19,46.99,160.91000000000003,0.15811433762912616,0.5414381372186144,-0.3330021291696238
Spain,2003,321.79,77.42,158.44,0.24059169023276047,0.49237080083284124,0.6475845924664823
Spain,2004,338.08,68.26,183.20999999999998,0.20190487458589684,0.5419131566493137,-0.11831568070266074
Spain,2005,346.98,56.88,212.68,0.1639287567006744,0.6129459911234076,-0.16671549956050402
Spain,2006,360.78999999999996,69.79,210.52999999999997,0.19343662518362487,0.5835250422683556,0.22696905766526032
Spain,2007,374.09,77.61,223.13,0.20746344462562485,0.5964607447405704,0.11205043702536166
Spain,2008,384.44,82.21000000000001,224.22,0.21384351264176465,0.5832379565081677,0.05927071253704441
Spain,2009,363.53,99.55,193.07,0.27384259896019586,0.5310978461199901,0.21092324534728113
Spain,2010,373.95,130.6,160.54,0.3492445514106164,0.42930873111378526,0.3119035660472125
Spain,2011,368.98,117.55,173.91,0.318580952897176,0.47132635915225757,-0.09992343032159268
Spain,2012,370.98,116.55,172.05,0.31416787967006304,0.46377163189390264,-0.008507018290089374
Spain,2013,359.99,150.99,132.11,0.4194283174532626,0.3669824161782272,0.2954954954954956
Spain,2014,352.88,150.43,124.26000000000002,0.4262922239854908,0.35213103604624807,-0.0037088548910524377
Spain,2015,351.28,132.1,141.34,0.3760532908221362,0.4023570940560237,-0.12185069467526433
Spain,2016,345.81,143.27999999999997,122.24,0.4143315693588964,0.35348891009513894,0.08463285389856146
Spain,2017,348.82,120.22,149.25,0.34464766928501805,0.4278711083080099,-0.1609436069235063
Spain,2018,348.93,142.14,130.47,0.4073596423351388,0.3739145387326971,0.18233239061720163
Spain,2019,350.5,138.32,132.26,0.39463623395149783,0.37734664764621967,-0.026874912058533762
Spain,2020,342.69,157.65,104.27,0.46003676792436315,0.30426916455105196,0.1397484094852517
Spain,2021,354.21000000000004,172.19,104.57,0.48612405070438436,0.2952203495101775,0.09222962258166811
Spain,2022,371.39,165.72,126.68,0.4462155685398099,0.34109696006893025,-0.03757477205412629
Spain,2023,364.88,195.29,92.34,0.5352170576627933,0.2530695023021267,0.17843350229302435
Spain,2024,366.83,218.42,74.47,0.5954256740179374,0.20300956846495652,0.11843924420093188
Spain,2025,374.38,216.67000000000002,84.86,0.5787435226240718,0.2266680912441904,-0.008012086805237462
Sweden,2000,240.76,140.39,3.5799999999999996,0.583111812593454,0.014869579664396079,
Sweden,2001,255.29999999999998,134.88,3.69,0.5283196239717979,0.01445358401880141,-0.039247809673053524
Sweden,2002,239.12999999999997,119.66,4.930000000000001,0.5003972734495882,0.020616401120729315,-0.11284104389086591
Sweden,2003,225.56,102.11000000000001,6.23,0.4526955133888988,0.027620145415853878,-0.14666555239846213
Sweden,2004,244.76,113.17,2.97,0.4623713025004086,0.012134335675764015,0.10831456272647122
Sweden,2005,252.64000000000001,132.51,2.04,0.5245012666244457,0.008074730842305256,0.1708933462931872
Sweden,2006,236.89000000000001,120.64999999999999,2.51,0.5093081176917555,0.010595635104901007,-0.08950267904309106
Sweden,2007,243.91,129.46,2.4800000000000004,0.5307695461440696,0.010167684801771147,0.07302113551595535
Sweden,2008,244.10999999999999,135.72,1.8800000000000001,0.5559788619884478,0.007701446069394946,0.04835470415572374
Sweden,2009,232.18,138.24,3.58,0.5954001205960893,0.015419071410112844,0.018567639257294433
Sweden,2010,240.76,137.39,6.58,0.570651270975245,0.027330121282605084,-0.006148726851851971
Sweden,2011,244.49,140.05,3.73,0.5728250644198127,0.015256247699292404,0.019360943300094746
Sweden,2012,262.13,157.37,2.24,0.6003509708923054,0.00854537824743448,0.1236701178150661
Sweden,2013,249.1,136.73000000000002,2.4800000000000004,0.5488960256924931,0.009955841027699721,-0.1311558746902204
Sweden,2014,250.01999999999998,141.59,1.2999999999999998,0.5663146948244141,0.005199584033277338,0.035544503766547164
Sweden,2015,258.26,165.77,1.3599999999999999,0.6418725315573454,0.005266010996670022,0.1707747722296773
Sweden,2016,251.43,146.3,1.5500000000000003,0.58187169391083,0.006164737700353976,-0.11745189117451893
Sweden,2017,259.68,152.94,1.04,0.5889556377079482,0.004004929143561306,0.04538619275461375
Sweden,2018,258.60999999999996,146.94,1.1600000000000001,0.568191485248057,0.004485518734774372,-0.03923107100823853
Sweden,2019,263.86,157.68,0.7899999999999999,0.5975896308648526,0.002994011976047904,0.07309105757452028
Sweden,2020,260.01,180.60999999999999,0.16,0.6946271297257798,0.0006153609476558594,0.14542110603754432
Sweden,2021,267.39,183.12,0.45999999999999996,0.6848423650847077,0.0017203335951232281,0.013897347876640431
Sweden,2022,268.74,186.55,0.24,0.6941653642926249,0.0008930564858227282,0.018730886850153006
Sweden,2023,262.58,184.66,0.26,0.7032523421433469,0.0009901744230329805,-0.01013133208255168
Sweden,2024,269.03,188.76,0.16999999999999998,0.7016317882764005,0.0006318997881277181,0.022202967616159475
Sweden,2025,267.58,192.72,0.16999999999999998,0.7202332012855969,0.0006353240152477764,0.020979020979021046
Switzerland,2000,163.28,94.67,2.16,0.5798015678588927,0.013228809407153357,
Switzerland,2001,168.18,101.59,2.05,0.6040551789749078,0.012189320965632059,0.07309601774585395
Switzerland,2002,162.41,91.3,2.25,0.562157502616834,0.01385382673480697,-0.10128949699773604
Switzerland,2003,162.3,90.39000000000001,2.35,0.556931608133087,0.01447935921133703,-0.00996714129244225
Switzerland,2004,160.76,89.18,2.41,0.5547399850709133,0.014991291366011447,-0.013386436552716097
Switzerland,2005,154.25,88.15,2.38,0.5714748784440843,0.015429497568881685,-0.011549674814980926
Switzerland,2006,158.49999999999997,83.83999999999999,2.06,0.5289589905362776,0.012996845425867511,-0.04889393079977333
Switzerland,2007,163.20000000000002,91.4,1.85,0.5600490196078431,0.01133578431372549,0.0901717557251911
Switzerland,2008,163.85999999999999,93.02,1.82,0.5676797265958745,0.011107042597339193,0.017724288840262448
Switzerland,2009,163.56,92.57000000000001,1.77,0.5659696747370996,0.010821716801173881,-0.004837669318425997
Switzerland,2010,163.01999999999998,94.21,2.59,0.5779045515887622,0.015887621150779047,0.01771632278275881
Switzerland,2011,159.8,88.12,2.49,0.5514392991239049,0.0155819774718398,-0.06464281923362691
Switzerland,2012,165.04999999999998,100.02,2.25,0.6059981823689792,0.013632232656770677,0.13504312301407162
Switzerland,2013,165.54,99.87,1.84,0.6032982964842335,0.011115138335145585,-0.0014997000599878962
Switzerland,2014,166.79999999999998,98.7,1.21,0.5917266187050361,0.007254196642685852,-0.011715229798738402
Switzerland,2015,162.98999999999998,103.36999999999999,1.58,0.634210687772256,0.00969384624823609,0.047315096251266286
Switzerland,2016,157.73,99.69,2.27,0.6320294173587777,0.014391681988207698,-0.035600270871626094
Switzerland,2017,156.72000000000003,100.54,1.92,0.6415262889229197,0.012251148545176107,0.008526431939011037
Switzerland,2018,163.07999999999998,97.53,1.56,0.5980500367917587,0.009565857247976454,-0.029938333001790385
Switzerland,2019,167.45,102.11999999999999,1.47,0.6098536876679606,0.008778739922364885,0.047062442325438214
Switzerland,2020,165.43,104.81,1.53,0.6335610227890951,0.009248624795986218,0.026341558950254695
Switzerland,2021,159.92999999999998,108.58999999999999,1.29,0.6789845557431377,0.008066028887638342,0.036065260948382694
Switzerland,2022,158.54,94.29,0.97,0.5947394979185064,0.006118329759051344,-0.13168800073671594
Switzerland,2023,167.24,107.41,0.66,0.6422506577373833,0.003946424300406601,0.13914519037013462
Switzerland,2024,175.59,120.31,0.6100000000000001,0.685175693376616,0.0034740019363289484,0.12010054929708591
Switzerland,2025,161.63,111.52000000000001,0.69,0.6899709212398689,0.004269009466064468,-0.07306125841575917
Türkiye,2000,209.06,56.209999999999994,152.85000000000002,0.268870180809337,0.7311298191906631,
Türkiye,2001,204.48,44.25000000000001,160.23,0.21640258215962446,0.7835974178403756,-0.21277352784202075
Türkiye,2002,211.0,60.4,150.6,0.2862559241706161,0.7137440758293838,0.3649717514124291
Türkiye,2003,225.48,61.04,164.44,0.27071137129678907,0.729288628703211,0.01059602649006619
Türkiye,2004,238.54,77.22999999999999,161.31,0.3237612140521505,0.6762387859478495,0.2652359108781126
Türkiye,2005,253.21,64.34,188.87,0.2540973895185814,0.7459026104814186,-0.16690405282921128
Türkiye,2006,269.36,69.77000000000001,199.59,0.259021384021384,0.7409786159786159,0.0843953994404727
Türkiye,2007,281.48,55.5,225.98000000000002,0.19717209037942304,0.8028279096205769,-0.20452916726386716
Türkiye,2008,287.02,51.77000000000001,235.25,0.18037070587415516,0.819629294125845,-0.06720720720720708
Türkiye,2009,287.45,57.74,229.71,0.20086971647243002,0.7991302835275701,0.11531775159358681
Türkiye,2010,307.84000000000003,82.11,225.73000000000002,0.2667294698544698,0.7332705301455301,0.4220644267405611
Türkiye,2011,327.91999999999996,83.41999999999999,244.5,0.25439131495486705,0.745608685045133,0.01595420777006451
Türkiye,2012,336.99,92.45,244.54,0.274340484880857,0.725659515119143,0.10824742268041265
Türkiye,2013,337.28000000000003,98.05,239.23000000000002,0.2907080170777988,0.7092919829222011,0.0605732828555976
Türkiye,2014,348.48,73.50999999999999,274.97,0.2109446740128558,0.7890553259871442,-0.25028046914839375
Türkiye,2015,357.97,115.60000000000001,242.37,0.3229320892812247,0.6770679107187753,0.5725751598421986
Türkiye,2016,370.78000000000003,123.13,247.65,0.33208371541075565,0.6679162845892442,0.06513840830449813
Türkiye,2017,394.51,116.58,277.93,0.2955058173430331,0.704494182656967,-0.05319580930723622
Türkiye,2018,398.23,129.07999999999998,269.15000000000003,0.32413429425206536,0.6758657057479347,0.10722250814891043
Türkiye,2019,398.89,175.27,223.62,0.4393943192358796,0.5606056807641204,0.3578400991633097
Türkiye,2020,401.55999999999995,169.5,232.05999999999997,0.42210379519872504,0.577896204801275,-0.03292063673189938
Türkiye,2021,427.43,151.47,275.96000000000004,0.3543738155955361,0.645626184404464,-0.10637168141592923
Türkiye,2022,419.6,176.26,243.34,0.4200667302192564,0.5799332697807436,0.1636627715059087
Türkiye,2023,418.56,176.35000000000002,242.21,0.4213254969418961,0.578674503058104,0.0005106093271305401
Türkiye,2024,439.95,201.26,238.69,0.457461075122173,0.5425389248778271,0.1412531896796143
Türkiye,2025,452.54,196.32999999999998,256.21000000000004,0.43384010253237276,0.5661598974676272,-0.02449567723342938
Ukraine,2000,269.7,17.849999999999998,129.5,0.06618464961067852,0.4801631442343345,
Ukraine,2001,271.36,19.0,132.24,0.07001768867924528,0.4873231132075472,0.06442577030812346
Ukraine,2002,272.49,15.19,134.5,0.055745164960182024,0.49359609526955117,-0.20052631578947366
Ukraine,2003,279.34,14.41,138.44,0.05158588100522661,0.49559676380038664,-0.051349572086899276
Ukraine,2004,281.37,18.240000000000002,128.41,0.06482567437893166,0.45637416924334506,0.26578764746703687
Ukraine,2005,285.27,19.049999999999997,129.84,0.06677884109790724,0.4551477547586497,0.04440789473684181
Ukraine,2006,292.34,19.61,135.91,0.06707942806321407,0.4649038790449477,0.029396325459317696
Ukraine,2007,295.12,15.81,139.62,0.053571428571428575,0.47309568988885875,-0.193778684344722
Ukraine,2008,291.11,17.97,136.65,0.061729243241386414,0.4694101885885061,0.13662239089184047
Ukraine,2009,270.94,19.099999999999998,121.16,0.07049531261533919,0.44718387834945006,0.06288258208124642
Ukraine,2010,287.56,20.479999999999997,130.72,0.07121991932118513,0.45458339129225206,0.07225130890052345
Ukraine,2011,294.1,16.94,140.62,0.05759945596735804,0.47813668820129207,-0.17285156249999978
Ukraine,2012,297.32,16.89,144.97,0.05680748015606081,0.48758912955737926,-0.002951593860684776
Ukraine,2013,292.76,22.879999999999995,143.86,0.07815275310834813,0.4913922667031016,0.35464772054470073
Ukraine,2014,281.19,15.74,128.71,0.05597638607347345,0.45773320530602085,-0.31206293706293686
Ukraine,2015,259.95,11.44,107.33999999999999,0.04400846316599346,0.41292556260819385,-0.27318932655654393
Ukraine,2016,259.37,14.9,114.33,0.057446890542468286,0.44079885877318115,0.3024475524475525
Ukraine,2017,251.29,17.82,93.05,0.07091408333001711,0.3702893071749771,0.19597315436241614
Ukraine,2018,255.29999999999998,21.169999999999998,96.93,0.08292205248726987,0.3796709753231493,0.18799102132435452
Ukraine,2019,251.16,19.57,94.74,0.07791845835324096,0.37720974677496416,-0.07557864903164846
Ukraine,2020,247.37,28.419999999999998,91.19,0.1148886283704572,0.36863807252294134,0.45222278998467025
Ukraine,2021,255.2,35.51,78.37,0.13914576802507836,0.30709247648902827,0.24947220267417314
Ukraine,2022,210.5,34.71,57.85000000000001,0.16489311163895487,0.2748218527315915,-0.022528865108420115
United Kingdom,2000,459.27000000000004,12.54,339.11,0.02730420014370631,0.7383674091493021,
United Kingdom,2001,469.94,12.02,344.41999999999996,0.02557773332765885,0.7329020726050133,-0.04146730462519932
United Kingdom,2002,472.5,13.99,347.97,0.029608465608465608,0.7364444444444445,0.1638935108153079
United Kingdom,2003,483.83,13.37,359.5,0.02763367298431267,0.743029576504144,-0.044317369549678465
United Kingdom,2004,480.21999999999997,17.73,362.18,0.03692057806838533,0.7541959935029778,0.32610321615557236
United Kingdom,2005,482.68999999999994,21.18,359.4,0.043879094242681646,0.7445772649112267,0.19458544839255487
United Kingdom,2006,479.70000000000005,22.659999999999997,362.6,0.047237856993954545,0.755889097352512,0.06987724268177509
United Kingdom,2007,481.31999999999994,24.64,377.77,0.05119255381035487,0.7848624615640323,0.08737864077669921
United Kingdom,2008,471.45,27.580000000000002,377.89,0.05850037119524871,0.8015484144660091,0.11931818181818188
United Kingdom,2009,460.46000000000004,31.939999999999998,341.08000000000004,0.06936541719150414,0.740737523346219,0.15808556925308181
United Kingdom,2010,468.8,33.03,357.37,0.07045648464163823,0.7623080204778157,0.034126487163431474
United Kingdom,2011,456.73,44.78,324.22,0.09804479670702602,0.709872353469227,0.355737208598244
United Kingdom,2012,452.06,52.56999999999999,309.73,0.11628987302570454,0.6851524133964518,0.17396158999553357
United Kingdom,2013,447.59000000000003,68.06,289.21000000000004,0.15205880381599232,0.6461493777787708,0.2946547460528821
United Kingdom,2014,426.82,83.59,260.62,0.195843681177077,0.6106086875029286,0.22818101674992652
United Kingdom,2015,426.67,107.95,227.62,0.2530058358919071,0.5334802071858814,0.29142241894963505
United Kingdom,2016,425.40999999999997,107.49,225.04,0.2526738910697915,0.5289955572271456,-0.004261232051875896
United Kingdom,2017,425.64,128.13,206.37,0.30102903862418945,0.4848463490273471,0.19201786212670946
United Kingdom,2018,420.45000000000005,143.14,192.76000000000002,0.3404447615649898,0.4584611725532168,0.11714664793569018
United Kingdom,2019,412.48,156.33,182.8,0.3790001939487975,0.4431730023273856,0.0921475478552467
United Kingdom,2020,398.61,176.69,155.48999999999998,0.4432653470811068,0.3900805298411981,0.13023731849293152
United Kingdom,2021,395.08000000000004,162.27,171.74,0.4107269413789612,0.4346967702743748,-0.08161186258418696
United Kingdom,2022,410.1,176.67,171.43,0.43079736649597655,0.4180199951231407,0.088740987243483
United Kingdom,2023,378.0,182.04000000000002,141.48,0.4815873015873016,0.3742857142857143,0.03039565291220936
United Kingdom,2024,368.68,194.57,119.24,0.5277476402300098,0.3234241076272106,0.0688310261480991
United Kingdom,2025,375.18,203.9,122.44999999999999,0.5434724665493896,0.32637667253051866,0.04795189391992616
